<GUI TexturesDatabase="Data/GUI Set #3/XML/mat_tex.xml" MaterialsDatabase="Data/GUI Set #3/XML/mat_tex.xml">
    <Element RestrictMoveX="1" RestrictMoveY="1">
        <TextBox FontByName="TightBitmapFont" Text="SSSSSSSSSTextbox Testing...&#x0A;Another Line..." Rect="38,279,452,264" BorderFile="Data/GUI Set #3/XML/Border/default_border.xml" RestrictMoveX="1" RestrictMoveY="1">
            <Element Rect="46,50,452,442" MatByRefID="3" />
        </TextBox>
        <RadioGroup CurSel="1" FontByName="STDBitmapFont" Text="Radio Group" Rect="298,448,452,382" BorderFile="Data/GUI Set #3/XML/Border/default_border.xml">
            <Button Filename="Data/GUI Set #3/XML/RadioGroup/default_radio_button.xml" FontByName="STDBitmapFont" Rect="338,354,420,404" BorderFile="Data/GUI Set #3/XML/Border/default_border.xml" MatByRefID="64" />
            <Button Filename="Data/GUI Set #3/XML/RadioGroup/default_radio_button.xml" FontByName="STDBitmapFont" Rect="369,385,420,404" BorderFile="Data/GUI Set #3/XML/Border/default_border.xml" UV="(0.406250,0.796875),(0.609375,0.796875),(0.609375,1.000000),(0.406250,1.000000)" MatByRefID="64" />
            <Button Filename="Data/GUI Set #3/XML/RadioGroup/default_radio_button.xml" FontByName="STDBitmapFont" Rect="400,416,420,404" BorderFile="Data/GUI Set #3/XML/Border/default_border.xml" MatByRefID="64" />
        </RadioGroup>
        <ProgressBar Type="Horizontal" MinMaxCur="0,100,76" FontByName="STDBitmapFont" Text="76" HAlign="Center" VAlign="Center" Rect="300,500,285,269" BorderFile="Data/GUI Set #3/XML/Border/default_border.xml" Color="127,127,127" MatByRefID="66">
            <Element Rect="303,450,282,272" ID="36" Color="255,0,0" MatByRefID="65" />
        </ProgressBar>
        <ScrollBar Type="Vertical" MinMaxCur="0,100,76" FontByName="STDBitmapFont" Text="76" HAlign="Center" VAlign="Center" Rect="484,500,495,298" BorderFile="Data/GUI Set #3/XML/Border/default_border.xml" Color="127,127,127">
            <Button Filename="Data/GUI Set #3/XML/Scrollbar/Vertical/default_scrollbar_thumb.xml" FontByName="STDBitmapFont" Rect="484,500,365,349" ID="53" RestrictMoveX="1" MatByRefID="63" />
            <Button Filename="Data/GUI Set #3/XML/Button/default_button.xml" FontByName="STDBitmapFont" Rect="484,500,495,479" ID="54" RestrictMoveX="1" RestrictMoveY="1" MatByRefID="50" />
            <Button Filename="Data/GUI Set #3/XML/Button/default_button.xml" FontByName="STDBitmapFont" Rect="484,500,314,298" ID="55" RestrictMoveX="1" RestrictMoveY="1" MatByRefID="50" />
        </ScrollBar>
        <DropList EqualSized="1" CurSel="3" Filename="Data/GUI Set #3/XML/Button/default_button.xml" FontByName="STDBitmapFont" Text="Droplist Line #4" HAlign="Left" VAlign="Center" Rect="43,223,576,556" BorderFile="Data/GUI Set #3/XML/Border/default_border.xml" MatByRefID="50">
            <Button Filename="Data/GUI Set #3/XML/Button/default_button.xml" FontByName="STDBitmapFont" Text="Droplist Line #3" Rect="43,223,555,545" RestrictMoveX="1" RestrictMoveY="1" MatByRefID="50" />
            <Button Filename="Data/GUI Set #3/XML/Button/default_button.xml" FontByName="STDBitmapFont" Text="Droplist Line #2" Rect="43,223,544,534" RestrictMoveX="1" RestrictMoveY="1" MatByRefID="50" />
            <Button Filename="Data/GUI Set #3/XML/Button/default_button.xml" FontByName="STDBitmapFont" Text="Droplist Line #3" Rect="43,223,533,523" RestrictMoveX="1" RestrictMoveY="1" MatByRefID="50" />
            <Button Filename="Data/GUI Set #3/XML/Button/default_button.xml" FontByName="STDBitmapFont" Text="Droplist Line #4" Rect="43,223,522,512" RestrictMoveX="1" RestrictMoveY="1" MatByRefID="50" />
            <Button Filename="Data/GUI Set #3/XML/Button/default_button.xml" FontByName="STDBitmapFont" Text="Droplist Line #5" Rect="43,223,511,501" RestrictMoveX="1" RestrictMoveY="1" MatByRefID="50" />
        </DropList>
        <ListBox CurSel="4" Rect="39,239,245,187" BorderFile="Data/GUI Set #3/XML/Border/default_border.xml">
            <Button Filename="Data/GUI Set #3/XML/ListBox/default_listbox_button.xml" FontByName="STDBitmapFont" Text="ListBox Line #3" Rect="39,239,244,234" RestrictMoveX="1" RestrictMoveY="1" MatByRefID="50" />
            <Button Filename="Data/GUI Set #3/XML/ListBox/default_listbox_button.xml" FontByName="STDBitmapFont" Text="ListBox Line #2" Rect="39,239,233,223" RestrictMoveX="1" RestrictMoveY="1" MatByRefID="50" />
            <Button Filename="Data/GUI Set #3/XML/ListBox/default_listbox_button.xml" FontByName="STDBitmapFont" Text="ListBox Line #3" Rect="39,239,222,212" RestrictMoveX="1" RestrictMoveY="1" MatByRefID="50" />
            <Button Filename="Data/GUI Set #3/XML/ListBox/default_listbox_button.xml" FontByName="STDBitmapFont" Text="ListBox Line #4" Rect="39,239,211,201" RestrictMoveX="1" RestrictMoveY="1" MatByRefID="50" />
            <Button Filename="Data/GUI Set #3/XML/ListBox/default_listbox_button.xml" FontByName="STDBitmapFont" Text="ListBox Line #5" Rect="39,239,200,190" RestrictMoveX="1" RestrictMoveY="1" MatByRefID="50" />
        </ListBox>
	<Window Filename="Data/GUI set #3/XML/Window/default_window.xml"/>
	<Menu Filename="Data/GUI Set #3/XML/Menu/default_menu.xml"/>
	<TabControl Filename="Data/GUI Set #3/XML/TabControl/default_tabcontrol.xml"/>
    </Element>
</GUI>
