
<Material Name="STDButton" RefID="50" Ambient="255,255,255" Diffuse="255,255,255" Emissive="255,255,255" Specular="255,255,255" Shininess="0" GL_Blend="-1,770,1">
<Texture Filename="Data/GUI Set #3/Data/Button_56x18.bmp"/>
</Material>

<Material Name="BorderCircleTex" RefID="51">
<Texture Filename="Data/GUI Set #3/Data/circle.bmp" Mask="0,0,0"/>
</Material>

<Material Name="WindowCloseButton" RefID="56" Ambient="255,255,255" Diffuse="255,255,255" Emissive="255,255,255" Specular="255,255,255" Shininess="0" GL_Blend="-1,770,1">
<Texture Filename="Data/GUI Set #3/Data/CloseButton_19x18.bmp"/>
</Material>

<Material Name="WindowHelpButton" RefID="57" Ambient="255,255,255" Diffuse="255,255,255" Emissive="255,255,255" Specular="255,255,255" Shininess="0" GL_Blend="-1,770,1">
<Texture Filename="Data/GUI Set #3/Data/HelpButton_19x18.bmp"/>
</Material>

<Material Name="WindowMaxButton" RefID="58" Ambient="255,255,255" Diffuse="255,255,255" Emissive="255,255,255" Specular="255,255,255" Shininess="0" GL_Blend="-1,770,1">
<Texture Filename="Data/GUI Set #3/Data/MaxButton_19x18.bmp"/>
</Material>

<Material Name="WindowMinButton" RefID="59" Ambient="255,255,255" Diffuse="255,255,255" Emissive="255,255,255" Specular="255,255,255" Shininess="0" GL_Blend="-1,770,1">
<Texture Filename="Data/GUI Set #3/Data/MinButton_19x18.bmp"/>
</Material>

<Material Name="WindowRestoreButton" RefID="60" Ambient="255,255,255" Diffuse="255,255,255" Emissive="255,255,255" Specular="255,255,255" Shininess="0" GL_Blend="-1,770,1">
<Texture Filename="Data/GUI Set #3/Data/RestoreButton_19x18.bmp"/>
</Material>

<Material Name="CheckboxButton" RefID="61" Ambient="255,255,255" Diffuse="255,255,255" Emissive="255,255,255" Specular="255,255,255" Shininess="0" GL_Blend="-1,770,1">
<Texture Filename="Data/GUI Set #3/Data/CheckboxAndRadio_13x13.bmp"/>
</Material>

<Material Name="ScrollbarHorizIncDecButton" RefID="62" Ambient="255,255,255" Diffuse="255,255,255" Emissive="255,255,255" Specular="255,255,255" Shininess="0" GL_Blend="-1,770,1">
<Texture Filename="Data/GUI Set #3/Data/ScrollBarThumHoriz_19x19.bmp"/>
</Material>

<Material Name="ScrollbarVertIncDecButton" RefID="63" Ambient="255,255,255" Diffuse="255,255,255" Emissive="255,255,255" Specular="255,255,255" Shininess="0" GL_Blend="-1,770,1">
<Texture Filename="Data/GUI Set #3/Data/ScrollBarThumVert_19x19.bmp"/>
</Material>

<Material Name="RadioButton" RefID="64" Ambient="255,255,255" Diffuse="255,255,255" Emissive="255,255,255" Specular="255,255,255" Shininess="0" GL_Blend="-1,770,1">
<Texture Filename="Data/GUI Set #3/Data/RadioButton_13x13.bmp"/>
</Material>

<Material Name="ProgressBar" RefID="65" Ambient="255,255,255" Diffuse="255,255,255" Emissive="255,255,255" Specular="255,255,255" Shininess="0" GL_Blend="-1,770,1">
<Texture Filename="Data/GUI Set #3/Data/ProgressBar_32x32.bmp"/>
</Material>

<Material Name="ScrollbarThumbs" RefID="66" Ambient="255,255,255" Diffuse="255,255,255" Emissive="255,255,255" Specular="255,255,255" Shininess="0" GL_Blend="-1,770,1">
<Texture Filename="Data/GUI Set #3/Data/ScrollBarThumbVertAndHoriz_16x16.bmp"/>
</Material>