
<Material Name="STDButton" RefID="50" Ambient="255,255,255" Diffuse="255,255,255" Emissive="255,255,255" Specular="255,255,255" Shininess="0" GL_Blend="-1,770,1">
<Texture Filename="Data/GUI Set #1/Data/Button_56x18.bmp"/>
</Material>

<Material Name="BorderCircleTex" RefID="51">
<Texture Filename="Data/GUI Set #1/Data/circle.bmp" Mask="0,0,0"/>
</Material>

<Material Name="BtnDisabledImage" RefID="52" Ambient="0,1,1" Diffuse="255,255,255" Emissive="255,255,255" Specular="255,255,255" Shininess="0" GL_Blend="-1,770,1">
<Texture Filename="Data/GUI Set #1/Data/Disabled_Button_Texture.bmp" Mask="0,0,0"/>
</Material>
<Material Name="BtnNormalImage" RefID="53" Ambient="255,255,255" Diffuse="255,255,255" Emissive="255,255,255" Specular="255,255,255" Shininess="0" GL_Blend="-1,770,1">
<Texture Filename="Data/GUI Set #1/Data/Normal_Button_Texture.bmp" Mask="0,0,0"/>
</Material>
<Material Name="BtnMouseOverImage" RefID="54" Ambient="255,255,255" Diffuse="255,255,255" Emissive="255,255,255" Specular="255,255,255" Shininess="0" GL_Blend="-1,770,1">
<Texture Filename="Data/GUI Set #1/Data/MouseOver_Button_Texture.bmp" Mask="0,0,0"/>
</Material>
<Material Name="BtnMouseDownImage" RefID="55" Ambient="255,255,255" Diffuse="255,255,255" Emissive="255,255,255" Specular="255,255,255" Shininess="0" GL_Blend="-1,770,1">
<Texture Filename="Data/GUI Set #1/Data/MouseDown_Button_Texture.bmp" Mask="0,0,0"/>
</Material>

<Material Name="WindowCloseButton" RefID="56" Ambient="255,255,255" Diffuse="255,255,255" Emissive="255,255,255" Specular="255,255,255" Shininess="0" GL_Blend="-1,770,1">
<Texture Filename="Data/GUI Set #1/Data/CloseButton_15x15.bmp"/>
</Material>

<Material Name="WindowHelpButton" RefID="57" Ambient="255,255,255" Diffuse="255,255,255" Emissive="255,255,255" Specular="255,255,255" Shininess="0" GL_Blend="-1,770,1">
<Texture Filename="Data/GUI Set #1/Data/HelpButton_15x15.bmp"/>
</Material>

<Material Name="WindowMaxButton" RefID="58" Ambient="255,255,255" Diffuse="255,255,255" Emissive="255,255,255" Specular="255,255,255" Shininess="0" GL_Blend="-1,770,1">
<Texture Filename="Data/GUI Set #1/Data/MaxButton_15x15.bmp"/>
</Material>

<Material Name="WindowMinButton" RefID="59" Ambient="255,255,255" Diffuse="255,255,255" Emissive="255,255,255" Specular="255,255,255" Shininess="0" GL_Blend="-1,770,1">
<Texture Filename="Data/GUI Set #1/Data/MinButton_15x15.bmp"/>
</Material>

<Material Name="WindowRestoreButton" RefID="60" Ambient="255,255,255" Diffuse="255,255,255" Emissive="255,255,255" Specular="255,255,255" Shininess="0" GL_Blend="-1,770,1">
<Texture Filename="Data/GUI Set #1/Data/RestoreButton_15x15.bmp"/>
</Material>

<Material Name="CheckboxButton" RefID="61" Ambient="255,255,255" Diffuse="255,255,255" Emissive="255,255,255" Specular="255,255,255" Shininess="0" GL_Blend="-1,770,1">
<Texture Filename="Data/GUI Set #1/Data/CheckBox_16x16.bmp"/>
</Material>

<Material Name="ScrollbarThumbHoriz" RefID="62" Ambient="255,255,255" Diffuse="255,255,255" Emissive="255,255,255" Specular="255,255,255" Shininess="0" GL_Blend="-1,770,1">
<Texture Filename="Data/GUI Set #1/Data/ScrollBarThumbHoriz_14x34.bmp"/>
</Material>

<Material Name="ScrollbarThumbVert" RefID="63" Ambient="255,255,255" Diffuse="255,255,255" Emissive="255,255,255" Specular="255,255,255" Shininess="0" GL_Blend="-1,770,1">
<Texture Filename="Data/GUI Set #1/Data/ScrollBarThumVert_34x14.bmp"/>
</Material>

<Material Name="RadioButton" RefID="64" Ambient="255,255,255" Diffuse="255,255,255" Emissive="255,255,255" Specular="255,255,255" Shininess="0" GL_Blend="-1,770,1">
<Texture Filename="Data/GUI Set #1/Data/RadioButton_13x13.bmp"/>
</Material>

<Material Name="ProgressBarPositive" RefID="65" Ambient="255,255,255" Diffuse="255,255,255" Emissive="255,255,255" Specular="255,255,255" Shininess="0" GL_Blend="-1,770,1">
<Texture Filename="Data/GUI Set #1/Data/ProgressbarPositive_16x16.bmp">
<TexParam Target="GL_S" Name="GL_TEXTURE_GEN_MODE" Value="GL_CLAMP"/>
<TexParam Target="GL_T" Name="GL_TEXTURE_GEN_MODE" Value="GL_CLAMP"/>
</Texture>
</Material>

<Material Name="ProgressBarNegative" RefID="66" Ambient="255,255,255" Diffuse="255,255,255" Emissive="255,255,255" Specular="255,255,255" Shininess="0" GL_Blend="-1,770,1">
<Texture Filename="Data/GUI Set #1/Data/ProgressbarNegative_16x16.bmp">
<TexParam Target="GL_TEXTURE_2D" Name="GL_TEXTURE_WRAP_S" Value="GL_CLAMP"/>
<TexParam Target="GL_TEXTURE_2D" Name="GL_TEXTURE_WRAP_T" Value="GL_CLAMP"/>
</Texture>
</Material>

