
<Material Name="STDButton" RefID="50" Ambient="255,255,255" Diffuse="255,255,255" Emissive="255,255,255" Specular="255,255,255" Shininess="0" GL_Blend="-1,770,1">
<Texture Filename="Data/GUI Set #2/Data/Button_56x18.bmp"/>
</Material>

<Material Name="BorderCircleTex" RefID="51">
<Texture Filename="Data/GUI Set #2/Data/circle.bmp" Mask="0,0,0"/>
</Material>

<Material Name="WindowButtons" RefID="52" Ambient="255,255,255" Diffuse="255,255,255" Emissive="255,255,255" Specular="255,255,255" Shininess="0" GL_Blend="-1,770,1">
<Texture Filename="Data/GUI Set #2/Data/WindowButtons_16x16.bmp" Mask="255,255,255"/>
</Material>

<Material Name="CheckboxAndRadioButtons" RefID="53" Ambient="255,255,255" Diffuse="255,255,255" Emissive="255,255,255" Specular="255,255,255" Shininess="0" GL_Blend="-1,770,1">
<Texture Filename="Data/GUI Set #2/Data/CheckBoxRadio_13x13.bmp"/>
</Material>

<Material Name="ScrollbarThumbHoriz" RefID="62" Ambient="255,255,255" Diffuse="255,255,255" Emissive="255,255,255" Specular="255,255,255" Shininess="0" GL_Blend="-1,770,1">
<Texture Filename="Data/GUI Set #2/Data/ScrollBarThumbHoriz_21x16.bmp"/>
</Material>

<Material Name="ScrollbarThumbVert" RefID="63" Ambient="255,255,255" Diffuse="255,255,255" Emissive="255,255,255" Specular="255,255,255" Shininess="0" GL_Blend="-1,770,1">
<Texture Filename="Data/GUI Set #2/Data/ScrollbarThumbBtnVert_16x18.bmp"/>
</Material>

<Material Name="ProgressBar" RefID="65" Ambient="255,255,255" Diffuse="255,255,255" Emissive="255,255,255" Specular="255,255,255" Shininess="0" GL_Blend="-1,770,1">
<Texture Filename="Data/GUI Set #2/Data/ProgressBarPositive_64x21.bmp"/>
</Material>
