<Border Width="4" Spacing="1">
<Element ID="0" Rect="0,0,0,0" Color="0,0.5,1" RestrictMoveY="1"/>
<Element ID="1" Rect="0,0,0,0" Color="0,0.5,1" RestrictMoveY="1"/>
<Element ID="2" Rect="0,0,0,0" Color="0,0.5,1" RestrictMoveX="1"/>
<Element ID="3" Rect="0,0,0,0" Color="0,0.5,1" RestrictMoveX="1"/>

<Element ID="4" Rect="0,0,0,0" UV="(0.00,0.50),(0.50,0.50),(0.50,0.00),(0.00,0.00)" MatByRefID="51"/>
<Element ID="5" Rect="0,0,0,0" UV="(0.50,0.50),(1.00,0.50),(1.00,0.00),(0.50,0.00)" MatByRefID="51"/>
<Element ID="6" Rect="0,0,0,0" UV="(0.00,1.00),(0.50,1.00),(0.50,0.50),(0.00,0.50)" MatByRefID="51"/>
<Element ID="7" Rect="0,0,0,0" UV="(0.50,1.00),(1.00,1.00),(1.00,0.50),(0.50,0.50)" MatByRefID="51"/>


</Border>