<Button Rect="100,200,400,300" FontByName="STDBitmapFont" Text="">
<State Id="0">
<Event Type="Normal">
<Animation Materials="1" Frames="1">
<Frame Id="0" MatByRefID="62" Rect="0,21,0,16"/>
</Animation>
</Event>
<Event Type="MouseOver">
<Animation Materials="1" Frames="1">
<Frame Id="0" MatByRefID="62" Rect="21,42,0,16"/>
</Animation>
</Event>
<Event Type="MouseDown">
<Animation Materials="1" Frames="1">
<Frame Id="0" MatByRefID="62" Rect="42,63,0,16"/>
</Animation>
</Event>
</State>
</Button>