<Button Rect="34,193,400,300" FontByName="STDBitmapFont" Text="">
<State Id="0">
<Event Type="Normal">
<Animation Materials="1" Frames="1">
<Frame Id="0" MatByRefID="50" Rect="0,56,0,18"/>
</Animation>
</Event>
<Event Type="MouseOver">
<Animation Materials="1" Frames="1">
<Frame Id="0" MatByRefID="50" Rect="0,56,18,36"/>
</Animation>
</Event>
<Event Type="MouseDown">
<Animation Materials="1" Frames="1">
<Frame Id="0" MatByRefID="50" Rect="0,56,36,54"/>
</Animation>
</Event>
</State>
<State Id="1">
<Event Type="Normal">
<Animation Materials="1" Frames="1">
<Frame Id="0" MatByRefID="50" Rect="0,56,36,54"/>
</Animation>
</Event>
</State>
</Button>