<Button Rect="100,200,400,300" FontByName="STDBitmapFont" Text="">
<State Id="0">
<Event Type="Normal">
<Animation Materials="1" Frames="1">
<Frame Id="0" MatByRefID="63" Rect="0,16,0,18"/>
</Animation>
</Event>
<Event Type="MouseOver">
<Animation Materials="1" Frames="1">
<Frame Id="0" MatByRefID="63" Rect="16,32,0,18"/>
</Animation>
</Event>
<Event Type="MouseDown">
<Animation Materials="1" Frames="1">
<Frame Id="0" MatByRefID="63" Rect="32,48,0,18"/>
</Animation>
</Event>
</State>
</Button>