<Button Rect="100,200,400,300" FontByName="STDBitmapFont" Text="">
<State Id="0">
<Event Type="Normal">
<Animation Materials="1" Frames="1">
<Frame Id="0" MatByRefID="62" Rect="0,14,0,34"/>
</Animation>
</Event>
<Event Type="MouseOver">
<Animation Materials="1" Frames="1">
<Frame Id="0" MatByRefID="62" Rect="14,28,0,34"/>
</Animation>
</Event>
<Event Type="MouseDown">
<Animation Materials="1" Frames="1">
<Frame Id="0" MatByRefID="62" Rect="28,42,0,34"/>
</Animation>
</Event>
</State>
</Button>