<Button Rect="100,200,400,300" FontByName="STDBitmapFont" Text="" RestrictMoveX="1" RestrictMoveY="1">
<State Id="0">
<Event Type="Disabled">
<Animation Materials="1" Frames="1">
<Frame Id="0" MatByRefID="58" Rect="0,19,18,36"/>
</Animation>
</Event>
<Event Type="Normal">
<Animation Materials="1" Frames="1">
<Frame Id="0" MatByRefID="58" Rect="0,19,0,18"/>
</Animation>
</Event>
<Event Type="MouseOver">
<Animation Materials="1" Frames="1">
<Frame Id="0" MatByRefID="58" Rect="19,38,0,18"/>
</Animation>
</Event>
<Event Type="MouseDown">
<Animation Materials="1" Frames="1">
<Frame Id="0" MatByRefID="58" Rect="38,57,0,18"/>
</Animation>
</Event>
</State>

<State Id="1">
<Event Type="Disabled">
<Animation Materials="1" Frames="1">
<Frame Id="0" MatByRefID="60" Rect="0,19,18,36"/>
</Animation>
</Event>
<Event Type="Normal">
<Animation Materials="1" Frames="1">
<Frame Id="0" MatByRefID="60" Rect="0,19,0,18"/>
</Animation>
</Event>
<Event Type="MouseOver">
<Animation Materials="1" Frames="1">
<Frame Id="0" MatByRefID="60" Rect="19,38,0,18"/>
</Animation>
</Event>
<Event Type="MouseDown">
<Animation Materials="1" Frames="1">
<Frame Id="0" MatByRefID="60" Rect="38,57,0,18"/>
</Animation>
</Event>
</State>

</Button>