<Button Rect="100,200,400,300" FontByName="STDBitmapFont" Text="" RestrictMoveX="1" RestrictMoveY="1">
<State Id="0">
<Event Type="Disabled">
<Animation Materials="1" Frames="1">
<Frame Id="0" MatByRefID="52" Rect="0,16,48,64"/>
</Animation>
</Event>
<Event Type="Normal">
<Animation Materials="1" Frames="1">
<Frame Id="0" MatByRefID="52" Rect="16,32,48,64"/>
</Animation>
</Event>
<Event Type="MouseOver">
<Animation Materials="1" Frames="1">
<Frame Id="0" MatByRefID="52" Rect="32,48,48,64"/>
</Animation>
</Event>
<Event Type="MouseDown">
<Animation Materials="1" Frames="1">
<Frame Id="0" MatByRefID="52" Rect="48,64,48,64"/>
</Animation>
</Event>
</State>
</Button>