<Button Rect="100,116,400,384" FontByName="STDBitmapFont" Text="">
<State Id="0">
<Event Type="Normal">
<Animation Materials="1" Frames="1">
<Frame Id="0" MatByRefID="64" Rect="0,13,0,13"/>
</Animation>
</Event>
<Event Type="MouseOver">
<Animation Materials="1" Frames="1">
<Frame Id="0" MatByRefID="64" Rect="13,26,0,13"/>
</Animation>
</Event>
</State>

<State Id="1">
<Event Type="Normal">
<Animation Materials="1" Frames="1">
<Frame Id="0" MatByRefID="64" Rect="26,39,0,13"/>
</Animation>
</Event>
</State>

</Button>