<Button Rect="100,200,400,300" FontByName="STDBitmapFont" Text="" RestrictMoveX="1" RestrictMoveY="1" Loop="1">
<State Id="0">
<Event Type="Disabled">
<Animation Materials="1" Frames="1">
<Frame Id="0" MatByRefID="58" Rect="0,15,15,30"/>
</Animation>
</Event>
<Event Type="Normal">
<Animation Materials="1" Frames="1">
<Frame Id="0" MatByRefID="58" Rect="0,15,0,15"/>
</Animation>
</Event>
<Event Type="MouseOver">
<Animation Materials="1" Frames="1">
<Frame Id="0" MatByRefID="58" Rect="15,30,0,15"/>
</Animation>
</Event>
<Event Type="MouseDown">
<Animation Materials="1" Frames="1">
<Frame Id="0" MatByRefID="58" Rect="30,45,0,15"/>
</Animation>
</Event>
</State>

<State Id="1">
<Event Type="Disabled">
<Animation Materials="1" Frames="1">
<Frame Id="0" MatByRefID="60" Rect="0,15,15,30"/>
</Animation>
</Event>
<Event Type="Normal">
<Animation Materials="1" Frames="1">
<Frame Id="0" MatByRefID="60" Rect="0,15,0,15"/>
</Animation>
</Event>
<Event Type="MouseOver">
<Animation Materials="1" Frames="1">
<Frame Id="0" MatByRefID="60" Rect="15,30,0,15"/>
</Animation>
</Event>
<Event Type="MouseDown">
<Animation Materials="1" Frames="1">
<Frame Id="0" MatByRefID="60" Rect="30,45,0,15"/>
</Animation>
</Event>
</State>

</Button>