{
   "window_caption":"Sample Window",
   "window_size":[ 300, 150 ],
   "window_spacing":1,
   "widgets":[
      {
         "type":"HorizontalLayoutee",
         "visible":false,
         "children":[
            {
               "type":"VerticalLayoutee",
               "visible":false,
               "children":[
                  {
                     "minimal_size":[ 100, 22 ],
                     "type":"Button",
                     "stretch":1,
                     "visible":true,
                     "texture":"button",
                     "region_name":"button_unclicked",
                     "id_name":"button_ok",
                     "align_horizontal":"left",
                     "align_vertical":"top",
                     "font":"liberation_16",
                     "font_size":16,
                     "static_text":"Fullscreen",
                     "text_horizontal":"center"
                  },
                  {
                     "minimal_size":[ 150, 50 ],
                     "type":"TextBox",
                     "stretch":1,
                     "visible":true,
                     "region_name":"",
                     "id_name":"key_text",
                     "align_horizontal":"left",
                     "align_vertical":"top",
                     "font":"damase",
                     "font_size":24,
                     "static_text":"Последняя клавиша",
                     "text_horizontal":"right"
                  },
                  {
                     "minimal_size":[ 150, 50 ],
                     "type":"TextBox",
                     "stretch":1,
                     "visible":true,
                     "region_name":"",
                     "id_name":"fps_text",
                     "align_horizontal":"left",
                     "align_vertical":"top",
                     "font":"damase",
                     "font_size":24,
                     "static_text":"Καρε ανα δευτερολεπτο",
                     "text_horizontal":"left"
                  },
                  {
                     "minimal_size":[ 150, 30 ],
                     "maximal_size":[ 2000, 2000 ],
                     "stretch":1,
                     "type":"TextBox",
                     "visible":true,
                     "region_name":"",
                     "id_name":"pos_text",
                     "align_horizontal":"left",
                     "align_vertical":"top",
                     "font":"liberation",
                     "font_size":24,
                     "static_text":"Cursor pos",
                     "text_horizontal":"left"
                  }
               ]
            },
            {
               "type":"VerticalLayoutee",
               "visible":false,
               "children":[
                  {
                     "minimal_size":[ 100, 30 ],
                     "type":"Button",
                     "stretch":1,
                     "visible":true,
                     "texture":"button",
                     "region_name":"button_unclicked",
                     "id_name":"button_close",
                     "align_horizontal":"left",
                     "align_vertical":"top",
                     "font":"liberation",
                     "font_size":24,
                     "static_text":"Close",
                     "text_horizontal":"center"
                  },
                  {
                     "minimal_size":[ 100, 50 ],
                     "type":"TextBox",
                     "stretch":1,
                     "visible":true,
                     "region_name":"",
                     "id_name":"key_num",
                     "align_horizontal":"left",
                     "align_vertical":"top",
                     "font":"damase",
                     "font_size":24,
                     "static_text":"key",
                     "text_horizontal":"left"
                  },
                  {
                     "minimal_size":[ 100, 30 ],
                     "type":"TextBox",
                     "stretch":1,
                     "visible":true,
                     "region_name":"",
                     "id_name":"fps_num",
                     "align_horizontal":"left",
                     "align_vertical":"top",
                     "font":"damase",
                     "font_size":24,
                     "static_text":"fps",
                     "text_horizontal":"left"
                  },
                  {
                     "minimal_size":[ 75, 30 ],
                     "type":"TextBox",
                     "stretch":1,
                     "visible":true,
                     "region_name":"",
                     "id_name":"pos_x",
                     "align_horizontal":"left",
                     "align_vertical":"top",
                     "font":"liberation",
                     "font_size":24,
                     "static_text":"x",
                     "text_horizontal":"left"
                  }
               ]
            },
            {
               "type":"VerticalLayoutee",
               "visible":false,
               "children":[
                  {
                     "minimal_size":[ 75, 30 ],
                     "type":"TextBox",
                     "stretch":1,
                     "visible":true,
                     "region_name":"",
                     "id_name":"pos_y",
                     "align_horizontal":"left",
                     "align_vertical":"bottom",
                     "font":"liberation",
                     "font_size":24,
                     "static_text":"y",
                     "text_horizontal":"left"
                  }
               ]
            }
         ]
      },
      {
         "type":"ImageBox",
         "stretch":1,
         "visible":true,
         "texture":"background",
         "region_name":"background",
         "id_name":"background",
         "align_horizontal":"left",
         "align_vertical":"top"
      }
   ]
}
