<Menu Filename="Data/GUI Set #3/XML/Button/default_button.xml" Text="Menu... Please Select" Rect="200,350,500,484" BorderFile="Data/GUI Set #3/XML/Border/default_border.xml"  FontByName="STDBitmapFont" R2="258">
<Button Filename="Data/GUI Set #3/XML/Button/default_button.xml" Rect="0,200,16,0" Text="Menu Entry #3" RestrictMoveX="1" RestrictMoveY="1" R1="255" R2="258">
	<Button Filename="Data/GUI Set #3/XML/Button/default_button.xml" Rect="0,200,16,0" Text="Sub  Entry #3" 	RestrictMoveX="1" RestrictMoveY="1"/>
	<Button Filename="Data/GUI Set #3/XML/Button/default_button.xml" Rect="0,200,16,0" Text="Sub  Entry #2" 	RestrictMoveX="1" RestrictMoveY="1" R1="255" R2="258">
		<Button Filename="Data/GUI Set #3/XML/Button/default_button.xml" Rect="0,190,16,0" Text="Sub Sub Entry #2" 		RestrictMoveX="1" RestrictMoveY="1"/>
		<Button Filename="Data/GUI Set #3/XML/Button/default_button.xml" Rect="0,190,16,0" Text="Sub Sub Entry #2" 		RestrictMoveX="1" RestrictMoveY="1"/>
		</Button>
	</Button>
<Button Filename="Data/GUI Set #3/XML/Button/default_button.xml" Rect="0,200,16,0" Text="Menu Entry #2" RestrictMoveX="1" RestrictMoveY="1"/>
<Button Filename="Data/GUI Set #3/XML/Button/default_button.xml" Rect="0,200,16,0" Text="Menu Entry #3" RestrictMoveX="1" RestrictMoveY="1"/>
<Button Filename="Data/GUI Set #3/XML/Button/default_button.xml" Rect="0,200,16,0" Text="Menu Entry #4" RestrictMoveX="1" RestrictMoveY="1"/>
<Button Filename="Data/GUI Set #3/XML/Button/default_button.xml" Rect="0,200,16,0" Text="Menu Entry #5" RestrictMoveX="1" RestrictMoveY="1"/>
</Menu>