{
  "sections": [
    {
      "type": "button",

      "ok": "OK",
      "yes": "Да",
      "no": "Нет",
      "cancel": "Отмена",
      "abort": "Отказ",
      "retry": "Продолжить",
      "ignore": "Пропустить",
      "try_continue": "Попробовать продолжить",
      "complete": "Готово"
    },
    {
      "type": "window",

      "pin": "Прикрепить окно",
      "unpin": "Открепить окно",
      "dark_theme": "Темная тема",
      "light_theme": "Светлая тема",
      "switch_lang": "Сменить язык"
    },
    {
      "type": "input",

      "copy": "Копировать",
      "cut": "Вырезать",
      "paste": "Вставить",
      "undo": "Отменить",
      "redo": "Вернуть отмену"
    },
    {
      "type": "main_frame",

      "caption": "Демонстрация контролов WUI",
      "main_sheet_": "Главная",
      "window_sheet_": "Окна",
      "button_sheet_": "Кнопки",
      "input_sheet_": "Поля ввода",
      "list_sheet_": "Списки",
      "menu_sheet_": "Меню",
      "panel_sheet_": "Панели",
      "account_btn": "Управление аккаунтом",
      "main_menu": "Главное меню"
    },
    {
      "type": "main_sheet",

      "main_title": "Добро пожаловать в WUI"
    }
  ]
}
