<Button Rect="100,120,400,380" FontByName="STDBitmapFont" Text="" RestrictMoveX="1" RestrictMoveY="1" Loop="1">
<State Id="0">
<Event Type="Disabled">
<Animation Materials="1" Frames="1">
<Frame Id="0" MatByRefID="61" Rect="26,39,0,13"/>
</Animation>
</Event>
<Event Type="Normal">
<Animation Materials="1" Frames="1">
<Frame Id="0" MatByRefID="61" Rect="0,13,0,13"/>
</Animation>
</Event>
</State>

<State Id="1">
<Event Type="Disabled">
<Animation Materials="1" Frames="1">
<Frame Id="0" MatByRefID="61" Rect="39,52,0,13"/>
</Animation>
</Event>
<Event Type="Normal">
<Animation Materials="1" Frames="1">
<Frame Id="0" MatByRefID="61" Rect="13,26,0,13"/>
</Animation>
</Event>
</State>

</Button>