{
  "sections": [
    {
      "type": "button",

      "ok": "OK",
      "yes": "Yes",
      "no": "No",
      "cancel": "Cancel",
      "abort": "Abort",
      "retry": "Retry",
      "ignore": "Ignore",
      "try_continue": "Try continue",
      "complete": "Complete"
    },
    {
      "type": "window",

      "pin": "Pin the window",
      "unpin": "Unpin the window",
      "dark_theme": "Apply a dark theme",
      "light_theme": "Apply a light theme",
      "switch_lang": "Swith the language"
    },
    {
      "type": "input",

      "copy": "Copy",
      "cut": "Cut",
      "paste": "Paste",
      "undo": "Undo",
      "redo": "Redo"
    }
  ]
}
