{
  "sections": [
    {
      "type": "button",

      "ok": "OK",
      "yes": "Да",
      "no": "Нет",
      "cancel": "Отмена",
      "abort": "Отказ",
      "retry": "Продолжить",
      "ignore": "Пропустить",
      "try_continue": "Попробовать продолжить",
      "complete": "Готово"
    },
    {
      "type": "window",

      "pin": "Прикрепить окно",
      "unpin": "Открепить окно",
      "dark_theme": "Темная тема",
      "light_theme": "Светлая тема",
      "switch_lang": "Сменить язык"
    },
    {
      "type": "input",

      "copy": "Копировать",
      "cut": "Вырезать",
      "paste": "Вставить",
      "undo": "Отменить",
      "redo": "Вернуть отмену"
    }
  ]
}
