<Material Name="STDBackground" RefID="1" Ambient="255,255,255" Diffuse="255,255,255" Emissive="255,255,255" Specular="255,255,255" Shininess="0" GL_Blend="-1,770,1">
<Texture Filename="Data/STDBGRND.bmp"/>
</Material>

<Material Name="BitmapFont" RefID="2" Ambient="255,255,255">
<Texture Filename="Data/Fonts/Data/BitmapFont.bmp"/>
</Material>

<Material Name="BitmapFontCaret" RefID="3" Ambient="255,255,255">
<Texture Filename="Data/Caret.bmp" Mask="255,255,255"/>
</Material>

<Material Name="WhiteMaterial" RefID="4" Ambient="255,255,255">
</Material>

<Material Name="RedMaterial" RefID="5" Ambient="255,0,0">
</Material>

<Material Name="GreenMaterial" RefID="6" Ambient="0,255,0">
</Material>

<Material Name="BlueMaterial" RefID="7" Ambient="0,0,255">
</Material>

<Material Name="BlackMaterial" RefID="8" Ambient="0,0,0">
</Material>



