<Button Rect="100,120,400,380" FontByName="STDBitmapFont" Text="" RestrictMoveX="1" RestrictMoveY="1" Loop="1">
<State Id="0">
<Event Type="Disabled">
<Animation Materials="1" Frames="1">
<Frame Id="0" MatByRefID="61" Rect="32,48,0,16"/>
</Animation>
</Event>
<Event Type="Normal">
<Animation Materials="1" Frames="1">
<Frame Id="0" MatByRefID="61" Rect="0,16,0,16"/>
</Animation>
</Event>
</State>

<State Id="1">
<Event Type="Disabled">
<Animation Materials="1" Frames="1">
<Frame Id="0" MatByRefID="61" Rect="48,64,0,16"/>
</Animation>
</Event>
<Event Type="Normal">
<Animation Materials="1" Frames="1">
<Frame Id="0" MatByRefID="61" Rect="16,32,0,16"/>
</Animation>
</Event>
</State>

</Button>