{
  "controls": [
    {
      "type": "window",
      "background": "#131519",
      "border": "#404040",
      "border_width": 1,
      "text": "#f5f5f0",
      "active_button": "#3b3d41",
      "caption_font": {
        "name": "Segoe UI",
        "size": 18,
        "decorations": "normal"
      }
    },
    {
      "type": "text",
      "color": "#f5f5f0",
      "font": {
        "name": "Segoe UI",
        "size": 18
      }
    },
    {
      "type": "image",
      "resource": "IMAGES_DARK",
      "path": "."
    },
    {
      "type": "button",
      "calm": "#06a5df",
      "active": "#1aafe9",
      "border": "#00a0d2",
      "border_width": 1,
      "focused_border": "#dcd2dc",
      "text": "#f0f1f1",
      "disabled": "#a5a5a0",
      "anchor": "#0066cc",
      "round": 0,
      "focusing": 1,
      "font": {
        "name": "Segoe UI",
        "size": 18
      }
    },
    {
      "type": "tool_button",
      "calm": "#131519",
      "active": "#3b3d41",
      "border_width": 0,
      "text": "#f0f1f1",
      "disabled": "#131519",
      "round": 0,
      "focusing": 0,
      "font": {
        "name": "Segoe UI",
        "size": 18
      }
    },
    {
      "type": "red_tool_button",
      "calm": "#131519",
      "active": "#eb0f14",
      "border_width": 0,
      "text": "#f0f1f1",
      "disabled": "#131519",
      "round": 0,
      "focusing": 0,
      "font": {
        "name": "Segoe UI",
        "size": 18
      }
    },
    {
      "type": "input",
      "background": "#27292d",
      "text": "#f0ebf0",
      "selection": "#264f78",
      "cursor": "#d2d2d2",
      "border": "#404040",
      "border_width": 1,
      "focused_border": "#8c8c8c",
      "round": 0,
      "font": {
        "name": "Segoe UI",
        "size": 18
      }
    },
    {
      "type": "select",
      "background": "#27292d",
      "border": "#404040",
      "border_width": 1,
      "focused_border": "#8c8c8c",
      "button_calm": "#06a5df",
      "button_active": "#1aafe9",
      "text": "#f0ebf0",
      "scrollbar": "#3e3e42",
      "scrollbar_slider": "#686868",
      "scrollbar_slider_active": "#9e9e9e",
      "selected_item": "#9c9c9c",
      "active_item": "#43474f",
      "round": 0,
      "font": {
        "name": "Segoe UI",
        "size": 18
      }
    },
    {
      "type": "list",
      "background": "#27292d",
      "border": "#404040",
      "focused_border": "#8c8c8c",
      "border_width": 1,
      "title": "#292929",
      "title_text": "#f0ebf0",
      "scrollbar": "#3e3e42",
      "scrollbar_slider": "#686868",
      "scrollbar_slider_active": "#9e9e9e",
      "selected_item": "#9c9c9c",
      "active_item": "#43474f",
      "round": 0,
      "font": {
        "name": "Segoe UI",
        "size": 18
      }
    },
    {
      "type": "menu",
      "background": "#1b1b1c",
      "border": "#333337",
      "border_width": 1,
      "text": "#f1f1f1",
      "disabled_text": "#adadad",
      "scrollbar": "#3e3e42",
      "scrollbar_slider": "#686868",
      "scrollbar_slider_active": "#9e9e9e",
      "selected_item": "#333334",
      "round": 0,
      "font": {
        "name": "Segoe UI",
        "size": 18
      }
    },
    {
      "type": "tooltip",
      "background": "#b4aabe",
      "border": "#f1f2f7",
      "border_width": 1,
      "text": "#061912",
      "round": 0,
      "text_indent": 3,
      "font": {
        "name": "Segoe UI",
        "size": 16
      }
    },
    {
      "type": "splitter",
      "calm": "#1b1e24",
      "active": "#55555c"
    },
    {
      "type": "progress",
      "border": "#404040",
      "border_width": 1,
      "background": "#27292d",
      "meter": "#8dd28a"
    },
    {
      "type": "slider",
      "perform": "#0078d7",
      "remain": "#666666",
      "active": "#f2f2f2",
      "slider_width": 8,
      "slider_height": 24,
      "slider_round": 5
    },
    {
      "type": "panel",
      "background": "#f0f0f0"
    }
  ],
  "images": [
    { "window_close": "0x89, 0x50, 0x4E, 0x47, 0x0D, 0x0A, 0x1A, 0x0A, 0x00, 0x00, 0x00, 0x0D, 0x49, 0x48, 0x44, 0x52, 0x00, 0x00, 0x00, 0x19, 0x00, 0x00, 0x00, 0x19, 0x08, 0x06, 0x00, 0x00, 0x00, 0xC4, 0xE9, 0x85, 0x63, 0x00, 0x00, 0x00, 0x09, 0x70, 0x48, 0x59, 0x73, 0x00, 0x00, 0x0B, 0x13, 0x00, 0x00, 0x0B, 0x13, 0x01, 0x00, 0x9A, 0x9C, 0x18, 0x00, 0x00, 0x00, 0x19, 0x74, 0x45, 0x58, 0x74, 0x53, 0x6F, 0x66, 0x74, 0x77, 0x61, 0x72, 0x65, 0x00, 0x41, 0x64, 0x6F, 0x62, 0x65, 0x20, 0x49, 0x6D, 0x61, 0x67, 0x65, 0x52, 0x65, 0x61, 0x64, 0x79, 0x71, 0xC9, 0x65, 0x3C, 0x00, 0x00, 0x00, 0xD8, 0x49, 0x44, 0x41, 0x54, 0x78, 0xDA, 0x62, 0xFC, 0xFF, 0xFF, 0x3F, 0x03, 0xAD, 0x01, 0x13, 0x03, 0x1D, 0xC0, 0xA8, 0x25, 0xA3, 0x96, 0x60, 0x82, 0x0B, 0x97, 0xCE, 0x2D, 0x00, 0xE2, 0x49, 0x04, 0xD4, 0xD8, 0x02, 0xF1, 0x11, 0x4A, 0x7C, 0x72, 0x11, 0x88, 0x73, 0x81, 0x86, 0xCC, 0xC1, 0x65, 0x01, 0x90, 0xDA, 0x06, 0xC4, 0xDF, 0xC8, 0xB6, 0xC4, 0x40, 0xCF, 0xA8, 0x1F, 0x48, 0xD5, 0x03, 0x71, 0x32, 0xBA, 0x45, 0x48, 0x16, 0x1C, 0x07, 0xAA, 0x73, 0xA3, 0x28, 0x4E, 0x80, 0x06, 0x34, 0xA1, 0x5B, 0x04, 0xB5, 0x60, 0x27, 0x31, 0x16, 0x80, 0x00, 0x23, 0xB1, 0xC5, 0x0A, 0xD0, 0xE0, 0x3A, 0x20, 0xD5, 0x08, 0x35, 0xDC, 0x05, 0x88, 0x4F, 0x00, 0x2D, 0xB0, 0x21, 0x46, 0x2F, 0x23, 0x29, 0x65, 0x17, 0xD0, 0xA2, 0x15, 0x40, 0x2A, 0x1C, 0x88, 0x1F, 0x02, 0x2D, 0x50, 0xA0, 0x7A, 0x12, 0x06, 0x5A, 0x00, 0x32, 0x3C, 0x0C, 0x64, 0x01, 0x10, 0xCB, 0x43, 0x7D, 0x46, 0x3D, 0x4B, 0xA0, 0x16, 0x2C, 0x07, 0xE2, 0x63, 0x50, 0x1F, 0x80, 0xE2, 0xA8, 0x96, 0x68, 0x8B, 0x40, 0xC1, 0x85, 0x0F, 0x9F, 0xBF, 0x78, 0x36, 0x1C, 0x88, 0xFF, 0x01, 0xF1, 0x11, 0x34, 0xF1, 0x3A, 0x20, 0xFE, 0x0E, 0xA2, 0x09, 0x99, 0x41, 0x96, 0x05, 0xA4, 0x5A, 0x44, 0x28, 0xB8, 0xCA, 0x81, 0x78, 0x0F, 0xAE, 0x54, 0x04, 0x4D, 0xDE, 0xED, 0xA0, 0x0C, 0x4B, 0xB5, 0xD4, 0x35, 0x5A, 0x0A, 0x8F, 0x5A, 0x32, 0xF8, 0x2C, 0x01, 0x08, 0x30, 0x00, 0x7F, 0xB2, 0xEA, 0x65, 0x17, 0xA5, 0x1F, 0x81, 0x00, 0x00, 0x00, 0x00, 0x49, 0x45, 0x4E, 0x44, 0xAE, 0x42, 0x60, 0x82" },
    { "window_expand": "0x89, 0x50, 0x4E, 0x47, 0x0D, 0x0A, 0x1A, 0x0A, 0x00, 0x00, 0x00, 0x0D, 0x49, 0x48, 0x44, 0x52, 0x00, 0x00, 0x00, 0x19, 0x00, 0x00, 0x00, 0x19, 0x08, 0x06, 0x00, 0x00, 0x00, 0xC4, 0xE9, 0x85, 0x63, 0x00, 0x00, 0x00, 0x09, 0x70, 0x48, 0x59, 0x73, 0x00, 0x00, 0x0B, 0x13, 0x00, 0x00, 0x0B, 0x13, 0x01, 0x00, 0x9A, 0x9C, 0x18, 0x00, 0x00, 0x00, 0x19, 0x74, 0x45, 0x58, 0x74, 0x53, 0x6F, 0x66, 0x74, 0x77, 0x61, 0x72, 0x65, 0x00, 0x41, 0x64, 0x6F, 0x62, 0x65, 0x20, 0x49, 0x6D, 0x61, 0x67, 0x65, 0x52, 0x65, 0x61, 0x64, 0x79, 0x71, 0xC9, 0x65, 0x3C, 0x00, 0x00, 0x00, 0x64, 0x49, 0x44, 0x41, 0x54, 0x78, 0xDA, 0x62, 0xFC, 0xFF, 0xFF, 0x3F, 0x03, 0xAD, 0x01, 0x13, 0x03, 0x1D, 0xC0, 0xA8, 0x25, 0x23, 0xD4, 0x12, 0x16, 0x6C, 0x82, 0x17, 0x2E, 0x9D, 0x9B, 0x00, 0xA4, 0x0C, 0x48, 0x35, 0xCC, 0x40, 0xCF, 0xC8, 0x81, 0x14, 0x9F, 0x18, 0x90, 0x68, 0x89, 0x02, 0x10, 0xDB, 0x93, 0xE4, 0x13, 0x98, 0x87, 0x70, 0xB9, 0x0C, 0x8B, 0xCF, 0x1B, 0x80, 0x54, 0xFD, 0x68, 0xEA, 0x1A, 0xB5, 0x64, 0x90, 0x64, 0x46, 0x58, 0xDA, 0x87, 0x26, 0x4D, 0x62, 0x80, 0x03, 0xB9, 0x96, 0xC8, 0xE3, 0x4B, 0xFB, 0xA4, 0x00, 0xC6, 0xD1, 0x9A, 0x71, 0xD4, 0x92, 0xA1, 0x6D, 0x09, 0x40, 0x80, 0x01, 0x00, 0x94, 0xC7, 0x13, 0xEF, 0xA5, 0x34, 0x2A, 0xAF, 0x00, 0x00, 0x00, 0x00, 0x49, 0x45, 0x4E, 0x44, 0xAE, 0x42, 0x60, 0x82" },
    { "window_normal": "0x89, 0x50, 0x4E, 0x47, 0x0D, 0x0A, 0x1A, 0x0A, 0x00, 0x00, 0x00, 0x0D, 0x49, 0x48, 0x44, 0x52, 0x00, 0x00, 0x00, 0x19, 0x00, 0x00, 0x00, 0x19, 0x08, 0x06, 0x00, 0x00, 0x00, 0xC4, 0xE9, 0x85, 0x63, 0x00, 0x00, 0x00, 0x09, 0x70, 0x48, 0x59, 0x73, 0x00, 0x00, 0x0B, 0x13, 0x00, 0x00, 0x0B, 0x13, 0x01, 0x00, 0x9A, 0x9C, 0x18, 0x00, 0x00, 0x00, 0x19, 0x74, 0x45, 0x58, 0x74, 0x53, 0x6F, 0x66, 0x74, 0x77, 0x61, 0x72, 0x65, 0x00, 0x41, 0x64, 0x6F, 0x62, 0x65, 0x20, 0x49, 0x6D, 0x61, 0x67, 0x65, 0x52, 0x65, 0x61, 0x64, 0x79, 0x71, 0xC9, 0x65, 0x3C, 0x00, 0x00, 0x00, 0xA2, 0x49, 0x44, 0x41, 0x54, 0x78, 0xDA, 0x62, 0xFC, 0xFF, 0xFF, 0x3F, 0x03, 0xAD, 0x01, 0x13, 0x03, 0x1D, 0xC0, 0xA8, 0x25, 0x83, 0xCF, 0x12, 0x16, 0x62, 0x15, 0x5E, 0xB8, 0x74, 0xEE, 0x00, 0x31, 0xCA, 0x0C, 0xF4, 0x8C, 0x0A, 0xC8, 0xB6, 0x04, 0x08, 0xEC, 0x81, 0xF8, 0x21, 0x10, 0x3F, 0xC0, 0x21, 0x6F, 0x40, 0xB1, 0x4F, 0xA0, 0x60, 0x01, 0xD0, 0xA5, 0x0D, 0xA4, 0xFA, 0x74, 0xE0, 0xE2, 0x04, 0xE8, 0x2A, 0x05, 0x20, 0xA5, 0x80, 0x45, 0x4A, 0x01, 0x28, 0xE7, 0x80, 0x16, 0x07, 0x1F, 0xC8, 0x8D, 0xF8, 0x04, 0x20, 0xAE, 0xC7, 0x22, 0x1E, 0x0F, 0xC5, 0x30, 0xE0, 0x08, 0xC4, 0x07, 0x28, 0x4D, 0x5D, 0x8E, 0x78, 0x22, 0xB9, 0x1F, 0xE4, 0x18, 0x24, 0x9F, 0x29, 0xE0, 0x4A, 0x14, 0x78, 0x2D, 0x01, 0x06, 0xC5, 0x01, 0x1C, 0xC1, 0x89, 0xEC, 0x33, 0x64, 0xF0, 0x80, 0x1A, 0xA9, 0x0B, 0xC3, 0xA7, 0xB8, 0x1C, 0x32, 0x02, 0x8B, 0x15, 0x60, 0xD8, 0xFF, 0xA7, 0xA5, 0x25, 0x07, 0x88, 0xD4, 0xFF, 0x80, 0x18, 0x45, 0x8C, 0xA3, 0xD5, 0xEF, 0xA8, 0x25, 0x34, 0x03, 0x00, 0x01, 0x06, 0x00, 0xF9, 0x97, 0x2D, 0x6C, 0x84, 0xE4, 0x6F, 0xE0, 0x00, 0x00, 0x00, 0x00, 0x49, 0x45, 0x4E, 0x44, 0xAE, 0x42, 0x60, 0x82" },
    { "window_minimize": "0x89, 0x50, 0x4E, 0x47, 0x0D, 0x0A, 0x1A, 0x0A, 0x00, 0x00, 0x00, 0x0D, 0x49, 0x48, 0x44, 0x52, 0x00, 0x00, 0x00, 0x18, 0x00, 0x00, 0x00, 0x18, 0x08, 0x06, 0x00, 0x00, 0x00, 0xE0, 0x77, 0x3D, 0xF8, 0x00, 0x00, 0x00, 0x19, 0x74, 0x45, 0x58, 0x74, 0x53, 0x6F, 0x66, 0x74, 0x77, 0x61, 0x72, 0x65, 0x00, 0x41, 0x64, 0x6F, 0x62, 0x65, 0x20, 0x49, 0x6D, 0x61, 0x67, 0x65, 0x52, 0x65, 0x61, 0x64, 0x79, 0x71, 0xC9, 0x65, 0x3C, 0x00, 0x00, 0x00, 0x37, 0x49, 0x44, 0x41, 0x54, 0x78, 0xDA, 0x62, 0x62, 0xA0, 0x31, 0x60, 0x1A, 0xB5, 0x60, 0xD4, 0x82, 0x51, 0x0B, 0x46, 0x2D, 0x18, 0xB5, 0x60, 0x28, 0x58, 0xC0, 0x82, 0x4F, 0xF2, 0xFC, 0xC5, 0xB3, 0xFB, 0x49, 0x30, 0xAB, 0xD0, 0x50, 0xDF, 0xF8, 0x02, 0xDD, 0x7D, 0xC0, 0x30, 0x1A, 0xC9, 0xA3, 0x16, 0x50, 0x0C, 0x00, 0x02, 0x0C, 0x00, 0x26, 0xD9, 0x05, 0x31, 0x5A, 0x7B, 0xB2, 0x85, 0x00, 0x00, 0x00, 0x00, 0x49, 0x45, 0x4E, 0x44, 0xAE, 0x42, 0x60, 0x82" },
    { "window_pin": "0x89, 0x50, 0x4E, 0x47, 0x0D, 0x0A, 0x1A, 0x0A, 0x00, 0x00, 0x00, 0x0D, 0x49, 0x48, 0x44, 0x52, 0x00, 0x00, 0x00, 0x18, 0x00, 0x00, 0x00, 0x18, 0x08, 0x06, 0x00, 0x00, 0x00, 0xE0, 0x77, 0x3D, 0xF8, 0x00, 0x00, 0x00, 0x19, 0x74, 0x45, 0x58, 0x74, 0x53, 0x6F, 0x66, 0x74, 0x77, 0x61, 0x72, 0x65, 0x00, 0x41, 0x64, 0x6F, 0x62, 0x65, 0x20, 0x49, 0x6D, 0x61, 0x67, 0x65, 0x52, 0x65, 0x61, 0x64, 0x79, 0x71, 0xC9, 0x65, 0x3C, 0x00, 0x00, 0x00, 0xF7, 0x49, 0x44, 0x41, 0x54, 0x78, 0xDA, 0x62, 0x60, 0x18, 0x05, 0xA3, 0x00, 0x1B, 0xE8, 0xEA, 0xED, 0xE9, 0x07, 0xE2, 0x06, 0x62, 0xD4, 0x32, 0x91, 0x69, 0xC7, 0x41, 0x20, 0xAE, 0x07, 0x5A, 0x72, 0x1E, 0x88, 0x05, 0xA8, 0x6A, 0x01, 0xD0, 0x40, 0x03, 0x20, 0x35, 0x1F, 0x88, 0x13, 0x81, 0x78, 0x23, 0x10, 0xDF, 0x07, 0x8A, 0x29, 0xE0, 0x52, 0xCF, 0x48, 0x86, 0xE1, 0xFB, 0x81, 0xB8, 0xB0, 0xAC, 0xB8, 0x64, 0x01, 0x54, 0xAC, 0x00, 0x48, 0xC5, 0x03, 0xB1, 0x23, 0x50, 0xEC, 0x03, 0xC9, 0x16, 0x40, 0x0D, 0x0D, 0x80, 0x72, 0xF3, 0x91, 0x0D, 0x47, 0x52, 0x73, 0x1F, 0x48, 0x1D, 0x00, 0x8A, 0x27, 0x12, 0x6D, 0x01, 0x34, 0x6C, 0xD7, 0x03, 0x31, 0xC8, 0xFB, 0x0B, 0xA1, 0xC2, 0x17, 0x80, 0x86, 0x6C, 0x40, 0x53, 0x07, 0x0A, 0x2E, 0x03, 0xA8, 0x3A, 0x90, 0x2F, 0x2E, 0x20, 0xCB, 0xB3, 0x10, 0xF0, 0x80, 0x00, 0xD4, 0x65, 0x0D, 0x38, 0x1C, 0x01, 0x33, 0xDC, 0x11, 0xA4, 0x16, 0xA8, 0xEE, 0x01, 0x49, 0x41, 0x04, 0xF5, 0xC5, 0x7E, 0xA8, 0xCB, 0x13, 0x71, 0x19, 0x8E, 0x2D, 0xEC, 0x89, 0x4A, 0x45, 0x50, 0x8D, 0x20, 0xD7, 0x19, 0x40, 0x0D, 0x44, 0x06, 0x0E, 0xA0, 0x94, 0x84, 0xCF, 0x70, 0xA2, 0x92, 0x29, 0xD4, 0x00, 0x50, 0xB8, 0x06, 0xA0, 0x59, 0xF2, 0x00, 0x1A, 0x84, 0x94, 0x65, 0x34, 0x24, 0x43, 0x15, 0xD1, 0x7C, 0x02, 0x32, 0xFC, 0x03, 0x21, 0xFD, 0x8C, 0xC4, 0x18, 0x0E, 0x0B, 0x7F, 0xA4, 0x38, 0x01, 0x19, 0xAC, 0x00, 0x14, 0x57, 0x24, 0xDB, 0x07, 0xE8, 0x86, 0xA3, 0xC5, 0x09, 0xC8, 0xA2, 0x42, 0x4A, 0x0A, 0xB3, 0x02, 0x2C, 0x91, 0x3A, 0x0A, 0x46, 0x01, 0x76, 0x00, 0x10, 0x60, 0x00, 0xAE, 0x1E, 0x69, 0x69, 0x21, 0x0A, 0x35, 0xFC, 0x00, 0x00, 0x00, 0x00, 0x49, 0x45, 0x4E, 0x44, 0xAE, 0x42, 0x60, 0x82" },
    { "window_switch_theme": "0x89, 0x50, 0x4E, 0x47, 0x0D, 0x0A, 0x1A, 0x0A, 0x00, 0x00, 0x00, 0x0D, 0x49, 0x48, 0x44, 0x52, 0x00, 0x00, 0x00, 0x18, 0x00, 0x00, 0x00, 0x18, 0x08, 0x06, 0x00, 0x00, 0x00, 0xE0, 0x77, 0x3D, 0xF8, 0x00, 0x00, 0x00, 0x19, 0x74, 0x45, 0x58, 0x74, 0x53, 0x6F, 0x66, 0x74, 0x77, 0x61, 0x72, 0x65, 0x00, 0x41, 0x64, 0x6F, 0x62, 0x65, 0x20, 0x49, 0x6D, 0x61, 0x67, 0x65, 0x52, 0x65, 0x61, 0x64, 0x79, 0x71, 0xC9, 0x65, 0x3C, 0x00, 0x00, 0x01, 0xBF, 0x49, 0x44, 0x41, 0x54, 0x78, 0xDA, 0xE4, 0x55, 0xDB, 0x4D, 0xC3, 0x40, 0x10, 0x74, 0xA2, 0x14, 0x10, 0x2A, 0x20, 0x54, 0x10, 0x53, 0x01, 0xA6, 0x82, 0x38, 0x15, 0xD8, 0xAE, 0x20, 0x58, 0x20, 0x7E, 0xC1, 0xBF, 0x08, 0x44, 0x5C, 0x41, 0x4C, 0x05, 0x49, 0x2A, 0x20, 0xA9, 0x00, 0xA7, 0x03, 0x97, 0x10, 0x3A, 0x60, 0x06, 0xCD, 0x49, 0xC7, 0x29, 0x7E, 0x49, 0x7C, 0xC1, 0x49, 0x23, 0xBF, 0xEE, 0x66, 0x77, 0x67, 0x1F, 0xF6, 0xBC, 0x7F, 0xB3, 0x9E, 0x5E, 0x9E, 0xC7, 0xCE, 0xF3, 0x84, 0x68, 0x3B, 0x37, 0xEC, 0x61, 0xE3, 0xD5, 0x10, 0xEB, 0x79, 0x01, 0xFC, 0xAA, 0x81, 0x58, 0xE4, 0x0F, 0x8A, 0x26, 0x96, 0x41, 0xDF, 0x8E, 0xCA, 0x3D, 0x34, 0xAA, 0x91, 0x23, 0xE0, 0xF5, 0xFE, 0xF6, 0x6E, 0x87, 0xFB, 0x47, 0xDC, 0x6E, 0x80, 0x52, 0xA4, 0x7B, 0x20, 0xD0, 0x33, 0x0D, 0x2D, 0xB0, 0x27, 0xA1, 0x61, 0xE0, 0x00, 0x14, 0x36, 0xD7, 0xA0, 0x41, 0xF3, 0x77, 0x5C, 0x8E, 0x40, 0x0E, 0xCC, 0x44, 0x16, 0x58, 0xB2, 0x94, 0x02, 0x49, 0x23, 0xEE, 0x85, 0x43, 0xD7, 0x7D, 0x24, 0x4A, 0x44, 0x38, 0x93, 0xE7, 0x24, 0x4E, 0x81, 0x33, 0xE0, 0x42, 0x86, 0x03, 0x43, 0xCE, 0x6F, 0x70, 0x2A, 0xEC, 0x2A, 0x51, 0xA8, 0x83, 0xA9, 0x92, 0x9B, 0xC1, 0xBB, 0xA5, 0xB5, 0x85, 0x84, 0x05, 0xF6, 0x6D, 0xF4, 0xDD, 0x97, 0x44, 0x5B, 0x97, 0x6B, 0xE0, 0x10, 0xFB, 0x92, 0xC2, 0xD3, 0x35, 0x52, 0x2E, 0xE6, 0x2D, 0xE5, 0xFB, 0x61, 0x49, 0xC9, 0x55, 0xC9, 0xA9, 0xCA, 0x8D, 0xE0, 0xA8, 0xF2, 0x8B, 0x95, 0xAC, 0x50, 0x72, 0xD4, 0x2E, 0x90, 0x1C, 0x61, 0x24, 0xD3, 0x39, 0x12, 0x6F, 0xF1, 0xAE, 0x38, 0x99, 0x03, 0x5A, 0x04, 0xA8, 0xFD, 0xA5, 0x92, 0xF7, 0xFD, 0xAE, 0x43, 0x09, 0x97, 0x92, 0x89, 0x51, 0x4C, 0xEC, 0xA6, 0x1C, 0x9E, 0x08, 0xD9, 0xE8, 0x69, 0x22, 0xEA, 0xBB, 0x0A, 0x46, 0x55, 0x6B, 0x00, 0x1F, 0xE9, 0xCD, 0x9B, 0xC9, 0x43, 0x97, 0x71, 0x20, 0xEF, 0x4B, 0x39, 0xB6, 0xC6, 0x99, 0xF8, 0xA4, 0x01, 0x7A, 0xAF, 0xFA, 0x5F, 0x03, 0xE7, 0xC0, 0xCE, 0x74, 0x6C, 0xCB, 0x8A, 0xB4, 0x37, 0x57, 0xE5, 0x55, 0xA6, 0x59, 0x9B, 0x1A, 0x8D, 0xC4, 0x53, 0xE0, 0x86, 0x3D, 0x61, 0x27, 0xCE, 0xD9, 0xB7, 0x52, 0x31, 0x64, 0xAA, 0xA2, 0xB9, 0x2D, 0xD1, 0xA8, 0x65, 0x72, 0xEE, 0x75, 0x5D, 0xE1, 0x1D, 0x8D, 0xE5, 0x26, 0xE9, 0xCA, 0x95, 0xE9, 0x01, 0x1A, 0xBF, 0x62, 0x27, 0xBB, 0x53, 0x77, 0xD0, 0xA1, 0xBE, 0x2B, 0x35, 0xD0, 0x4C, 0x9D, 0xFB, 0x23, 0xA1, 0x2A, 0x84, 0x83, 0x8C, 0xA5, 0x6E, 0xA4, 0x4D, 0xA3, 0x82, 0xD2, 0x6C, 0x34, 0x5F, 0x22, 0xE9, 0x5B, 0x48, 0x0A, 0x62, 0x29, 0xF2, 0xB1, 0x12, 0xCC, 0x7E, 0x99, 0xBA, 0x11, 0x8C, 0x1A, 0x0C, 0x90, 0xBC, 0xD4, 0x81, 0x44, 0x3A, 0x07, 0xD6, 0x8C, 0xFA, 0xB4, 0x64, 0x99, 0x48, 0xF7, 0xB4, 0x71, 0x54, 0xB4, 0xFC, 0xD1, 0x38, 0xB6, 0xD9, 0x88, 0x85, 0x4A, 0x97, 0x84, 0xAB, 0xA6, 0x31, 0xD2, 0xF7, 0x97, 0x19, 0xD6, 0x34, 0xE5, 0x1F, 0x5F, 0x5F, 0x02, 0x0C, 0x00, 0xAE, 0x22, 0xBE, 0x42, 0x52, 0x3C, 0xB6, 0x1F, 0x00, 0x00, 0x00, 0x00, 0x49, 0x45, 0x4E, 0x44, 0xAE, 0x42, 0x60, 0x82" },
    { "window_switch_lang": "0x89, 0x50, 0x4E, 0x47, 0x0D, 0x0A, 0x1A, 0x0A, 0x00, 0x00, 0x00, 0x0D, 0x49, 0x48, 0x44, 0x52, 0x00, 0x00, 0x00, 0x18, 0x00, 0x00, 0x00, 0x18, 0x08, 0x06, 0x00, 0x00, 0x00, 0xE0, 0x77, 0x3D, 0xF8, 0x00, 0x00, 0x00, 0x19, 0x74, 0x45, 0x58, 0x74, 0x53, 0x6F, 0x66, 0x74, 0x77, 0x61, 0x72, 0x65, 0x00, 0x41, 0x64, 0x6F, 0x62, 0x65, 0x20, 0x49, 0x6D, 0x61, 0x67, 0x65, 0x52, 0x65, 0x61, 0x64, 0x79, 0x71, 0xC9, 0x65, 0x3C, 0x00, 0x00, 0x01, 0xEF, 0x49, 0x44, 0x41, 0x54, 0x78, 0xDA, 0xDC, 0x95, 0xED, 0x51, 0xC2, 0x40, 0x10, 0x86, 0x83, 0xE3, 0x7F, 0x63, 0x07, 0xB1, 0x82, 0xC4, 0xB1, 0x00, 0x62, 0x05, 0x86, 0x0A, 0xD0, 0x0A, 0x30, 0x15, 0x00, 0x15, 0x80, 0x15, 0x00, 0x15, 0x80, 0x15, 0x04, 0x0A, 0x70, 0x08, 0x15, 0x10, 0x2A, 0x30, 0x25, 0xB8, 0xEB, 0x3C, 0x37, 0xB3, 0x73, 0x24, 0x80, 0xE3, 0x2F, 0xDD, 0x99, 0x9D, 0xBB, 0xDB, 0xEC, 0xED, 0xBB, 0x5F, 0xB7, 0x09, 0x82, 0xBF, 0x4E, 0x9D, 0x9F, 0x28, 0x97, 0xBB, 0x8F, 0xD4, 0x1C, 0xAB, 0x24, 0x7E, 0xA8, 0x7E, 0x0D, 0x80, 0xD1, 0x81, 0x70, 0x86, 0x68, 0xCE, 0x3E, 0x54, 0x10, 0xE1, 0x85, 0xF0, 0x54, 0xC0, 0xEA, 0xA6, 0xFB, 0x57, 0x27, 0x0C, 0x87, 0xC2, 0x85, 0x6C, 0x0B, 0x44, 0x2B, 0xE1, 0x5C, 0x0C, 0xBD, 0xC8, 0xAA, 0x5C, 0x0A, 0xAF, 0x85, 0x87, 0xC2, 0x7B, 0xD1, 0xCD, 0x2E, 0x8E, 0x40, 0x8D, 0xCB, 0xB2, 0x15, 0x8E, 0xF0, 0x38, 0xD7, 0xB3, 0x18, 0xBF, 0x33, 0x3A, 0x7B, 0x59, 0x1E, 0x01, 0xD0, 0x28, 0x35, 0x82, 0x37, 0xD1, 0x99, 0x5F, 0x12, 0x41, 0x81, 0x77, 0x6B, 0x3C, 0xCE, 0x88, 0xC0, 0xD2, 0x9B, 0xCA, 0xF9, 0xEE, 0x52, 0x35, 0xF4, 0xEA, 0x74, 0x0C, 0x20, 0x0A, 0x23, 0x3C, 0x57, 0xC5, 0x0D, 0xE2, 0xAE, 0xF0, 0xBB, 0xAF, 0x8A, 0x5C, 0x69, 0x4C, 0x24, 0x1A, 0xF9, 0xEC, 0x64, 0x8A, 0x08, 0xBD, 0x27, 0xBC, 0x24, 0x8A, 0xD4, 0x14, 0xD4, 0x82, 0xC4, 0x7C, 0x73, 0x60, 0x21, 0x40, 0x4F, 0xEA, 0x98, 0x4B, 0x55, 0xC7, 0x33, 0x9E, 0xA1, 0xB0, 0xD3, 0x0B, 0xA2, 0x34, 0x42, 0xFE, 0x09, 0xA8, 0x4F, 0x4B, 0xD1, 0xB9, 0x45, 0xE7, 0x15, 0x10, 0x4D, 0xE5, 0x50, 0xE4, 0xDF, 0xFA, 0xD7, 0xDE, 0x85, 0x84, 0xB4, 0x44, 0x78, 0x6F, 0x7B, 0x7E, 0xDD, 0x10, 0x6D, 0xE9, 0xA5, 0xAC, 0x2F, 0x7A, 0xA5, 0xAD, 0x83, 0x0F, 0x10, 0xD3, 0x0D, 0x1A, 0x45, 0x2D, 0x8A, 0x6D, 0x8F, 0xCC, 0x51, 0x68, 0xE4, 0xEA, 0x54, 0xC2, 0xB9, 0x6A, 0x03, 0x70, 0x20, 0xA1, 0x59, 0x03, 0xD6, 0x46, 0x00, 0x23, 0xBF, 0x31, 0xE7, 0xB0, 0xED, 0x71, 0x8D, 0xB4, 0x0E, 0xC2, 0x13, 0xEB, 0xB1, 0xEC, 0xB7, 0x2D, 0xFA, 0x85, 0x8D, 0x50, 0x78, 0x69, 0x6A, 0xD6, 0xD8, 0xA6, 0x15, 0xAD, 0x77, 0xA0, 0x1E, 0xB6, 0x36, 0x4D, 0x14, 0x79, 0xFB, 0x9D, 0x18, 0x4F, 0xA8, 0x47, 0xD0, 0xD4, 0x45, 0x1A, 0x9A, 0x7B, 0xA1, 0x13, 0x0A, 0xDE, 0x05, 0xA0, 0xA2, 0x3E, 0x96, 0x52, 0x9A, 0xA1, 0x64, 0x9F, 0x53, 0xBF, 0x83, 0x14, 0x7B, 0x7A, 0x54, 0x03, 0x1D, 0x58, 0x02, 0xB2, 0xE2, 0x0D, 0x44, 0x5C, 0xCC, 0x19, 0x76, 0x0B, 0xDB, 0x49, 0x78, 0x3A, 0xA1, 0x7D, 0x9F, 0xD1, 0x77, 0x8F, 0xEC, 0xFE, 0xD4, 0xA8, 0xC8, 0x29, 0x92, 0x7A, 0x10, 0x69, 0xDB, 0xF1, 0x2E, 0xD2, 0x06, 0xEF, 0x37, 0x4C, 0xD1, 0x98, 0xD1, 0x51, 0x33, 0x10, 0xEB, 0x73, 0xC3, 0x2E, 0x21, 0x8A, 0x10, 0x40, 0xF5, 0xBC, 0xF0, 0x86, 0xDD, 0x96, 0xA9, 0x9A, 0x30, 0x26, 0xD4, 0x68, 0xC9, 0x6C, 0x3A, 0x3D, 0xEC, 0xF0, 0xBA, 0xC7, 0xA5, 0x19, 0x29, 0xA8, 0xDC, 0x48, 0xA6, 0xC3, 0x6A, 0xA2, 0x98, 0xE1, 0xC8, 0xC2, 0x37, 0x7E, 0xF6, 0x87, 0x43, 0xD1, 0x75, 0x04, 0xF4, 0xC9, 0x71, 0x4D, 0x2A, 0x06, 0xA6, 0xD7, 0x75, 0xE6, 0x8C, 0xDB, 0xFE, 0x6E, 0x17, 0xFF, 0x32, 0x49, 0x5B, 0x62, 0x80, 0x4A, 0x52, 0x52, 0x07, 0xFF, 0x9A, 0xBE, 0x04, 0x18, 0x00, 0x17, 0x26, 0xE0, 0x18, 0x12, 0xF6, 0x65, 0x1D, 0x00, 0x00, 0x00, 0x00, 0x49, 0x45, 0x4E, 0x44, 0xAE, 0x42, 0x60, 0x82" },
    { "message_alert": "0x89, 0x50, 0x4E, 0x47, 0x0D, 0x0A, 0x1A, 0x0A, 0x00, 0x00, 0x00, 0x0D, 0x49, 0x48, 0x44, 0x52, 0x00, 0x00, 0x00, 0x30, 0x00, 0x00, 0x00, 0x30, 0x08, 0x06, 0x00, 0x00, 0x00, 0x57, 0x02, 0xF9, 0x87, 0x00, 0x00, 0x00, 0x09, 0x70, 0x48, 0x59, 0x73, 0x00, 0x00, 0x0B, 0x12, 0x00, 0x00, 0x0B, 0x12, 0x01, 0xD2, 0xDD, 0x7E, 0xFC, 0x00, 0x00, 0x02, 0xC1, 0x49, 0x44, 0x41, 0x54, 0x68, 0x81, 0xE5, 0x5A, 0x3B, 0x6E, 0xDB, 0x40, 0x10, 0x9D, 0xF0, 0x00, 0x02, 0x0F, 0x10, 0x40, 0x3C, 0x02, 0x4B, 0x75, 0x66, 0x95, 0xDA, 0x85, 0x0F, 0x40, 0xE4, 0x04, 0xBA, 0x81, 0x79, 0x04, 0xF7, 0x6E, 0xB6, 0x75, 0xC7, 0x23, 0x30, 0x45, 0x90, 0x94, 0x04, 0x02, 0xA4, 0xA6, 0x10, 0x1F, 0x60, 0x9D, 0x0B, 0x4C, 0x30, 0xCC, 0x2E, 0x33, 0x5A, 0x91, 0x16, 0xC5, 0x9D, 0x89, 0x43, 0xE5, 0x01, 0x63, 0x01, 0x86, 0x34, 0xFB, 0xE6, 0xB3, 0xCB, 0x99, 0x59, 0xBE, 0x43, 0x44, 0x10, 0x40, 0xC1, 0x24, 0x03, 0x80, 0xED, 0x84, 0xCA, 0x03, 0x00, 0x74, 0x00, 0xD0, 0x30, 0x89, 0x03, 0x19, 0xB0, 0x50, 0x0A, 0x44, 0x34, 0x88, 0x68, 0x71, 0x39, 0xAC, 0xD3, 0x51, 0x2C, 0xE5, 0xB1, 0x24, 0x02, 0xE4, 0xE5, 0x0A, 0x00, 0x6E, 0x8E, 0x5C, 0x7B, 0x38, 0x40, 0xD3, 0x34, 0xD0, 0xB6, 0x6D, 0x2F, 0x63, 0xC8, 0xF3, 0xBC, 0x97, 0xA2, 0x28, 0x60, 0xBB, 0x3D, 0x09, 0xD2, 0x27, 0xA7, 0xF7, 0xB2, 0xA8, 0x5C, 0x60, 0x6D, 0x86, 0x88, 0x35, 0xF7, 0x75, 0xD7, 0x75, 0x58, 0x55, 0x15, 0x66, 0x59, 0x46, 0x5E, 0xB8, 0x48, 0xE8, 0x37, 0xF4, 0x5B, 0xD2, 0x11, 0xA0, 0x76, 0x6B, 0xCD, 0xE2, 0x35, 0x97, 0xFC, 0x2D, 0x4F, 0x15, 0x5A, 0xB4, 0x2C, 0xCB, 0x8B, 0x49, 0x4F, 0x09, 0xE9, 0x0A, 0x0C, 0xB1, 0x6E, 0x4D, 0x11, 0x03, 0x1E, 0x06, 0xAD, 0xD6, 0xF6, 0x5E, 0x93, 0x22, 0x1E, 0x0A, 0xE9, 0xA6, 0x35, 0x18, 0x1E, 0x62, 0x0D, 0x30, 0x5E, 0x57, 0xDB, 0xB6, 0x98, 0xE7, 0xB9, 0x1A, 0x79, 0x2F, 0xB4, 0x06, 0xAD, 0xC5, 0x60, 0x96, 0x1A, 0x30, 0x90, 0xAF, 0xEB, 0x1A, 0xD3, 0x34, 0x55, 0x27, 0xEF, 0x85, 0xD6, 0xA2, 0x35, 0xE7, 0x18, 0x71, 0x36, 0x6D, 0x8C, 0x31, 0x7F, 0x8D, 0x78, 0x28, 0xB4, 0xF6, 0xB9, 0x74, 0x9A, 0xDA, 0xB0, 0x83, 0xE7, 0xDF, 0x8A, 0xBC, 0x97, 0x20, 0x12, 0x27, 0x1B, 0x7B, 0xEC, 0xA8, 0xB4, 0x3E, 0xE7, 0x97, 0xA6, 0xCD, 0x06, 0x00, 0x3F, 0x32, 0xB9, 0x73, 0xFF, 0x5B, 0x9A, 0x4E, 0x6C, 0x4F, 0xD8, 0xF0, 0x88, 0x0D, 0x0D, 0xA8, 0xFD, 0x69, 0x13, 0xB3, 0x61, 0x1F, 0x01, 0xF0, 0x5B, 0x20, 0x31, 0x51, 0x20, 0x2E, 0xEC, 0x74, 0xAA, 0xA7, 0x0C, 0x28, 0xFC, 0x37, 0xF6, 0xFB, 0x7D, 0xD4, 0x82, 0xA1, 0x01, 0x4F, 0x02, 0xA9, 0x44, 0x47, 0x2C, 0x43, 0x31, 0x66, 0x40, 0xE3, 0x1F, 0x52, 0xB1, 0x8B, 0x85, 0x06, 0xDC, 0x0B, 0xED, 0x07, 0xF6, 0xB0, 0x6B, 0x3C, 0xEF, 0x84, 0xD5, 0x37, 0x7D, 0x6D, 0x53, 0x55, 0x55, 0x74, 0x81, 0x18, 0xE2, 0x87, 0x90, 0x1E, 0xC6, 0xED, 0xC6, 0x71, 0x1E, 0x22, 0x60, 0xA4, 0xBC, 0x3F, 0x16, 0x81, 0x9D, 0x50, 0x04, 0x82, 0x28, 0x18, 0x1E, 0x81, 0x5B, 0xFA, 0x63, 0x8C, 0x11, 0xF2, 0xD5, 0x31, 0xBE, 0x0B, 0xEA, 0x62, 0x1C, 0x7B, 0xCE, 0x47, 0x9B, 0x77, 0x49, 0x55, 0x79, 0x2E, 0x02, 0x9F, 0x05, 0xBD, 0x0F, 0xAE, 0x8A, 0xE5, 0x9B, 0x39, 0xF1, 0xB9, 0x44, 0xF5, 0x7C, 0xD7, 0x75, 0x82, 0xBE, 0xFA, 0x0D, 0x49, 0xEF, 0x13, 0x88, 0x23, 0x71, 0x75, 0xF8, 0x63, 0x00, 0x35, 0x23, 0x1A, 0x90, 0x36, 0x20, 0xE0, 0xDA, 0x1B, 0x40, 0x3D, 0xEC, 0x64, 0x17, 0x15, 0x8B, 0x17, 0x05, 0x9D, 0x8C, 0x6B, 0x96, 0xF8, 0x06, 0x5C, 0xCB, 0x00, 0x8D, 0x08, 0x30, 0xAE, 0xDB, 0xE4, 0xF5, 0xAF, 0xC6, 0x43, 0xC3, 0x00, 0x0E, 0x75, 0x03, 0x7E, 0x2A, 0xEB, 0x1F, 0x0C, 0xB0, 0xD6, 0x8A, 0x29, 0x7D, 0x76, 0x9F, 0x5F, 0xC5, 0x34, 0x4E, 0x63, 0x30, 0x20, 0x4D, 0x53, 0x31, 0xA5, 0x52, 0xA5, 0xC3, 0x1C, 0xA8, 0xA6, 0xD0, 0x17, 0x4D, 0xE5, 0x0E, 0x89, 0x1B, 0xF7, 0xF5, 0x03, 0xA7, 0xB5, 0x80, 0x71, 0x3D, 0x24, 0x6E, 0x56, 0xA9, 0x62, 0x80, 0xD6, 0x09, 0xC4, 0xB8, 0x76, 0x54, 0x0B, 0x55, 0x92, 0x95, 0x28, 0xB8, 0xEA, 0x93, 0x5A, 0xC9, 0xF7, 0xC2, 0x75, 0xD0, 0x48, 0x45, 0x5A, 0xA9, 0x14, 0x73, 0x9A, 0x32, 0x56, 0xCC, 0x35, 0xFE, 0x89, 0x5F, 0x96, 0xA5, 0x52, 0xD0, 0xE5, 0xC0, 0x38, 0xBE, 0xF4, 0xDC, 0x35, 0x1A, 0x9A, 0x9D, 0x13, 0x8D, 0x14, 0x0A, 0x1B, 0x9A, 0x93, 0x86, 0x3E, 0x76, 0x68, 0xFB, 0x14, 0x74, 0x63, 0x77, 0x82, 0xE4, 0x89, 0x5B, 0xD8, 0xD8, 0x8B, 0x36, 0xF5, 0xBB, 0x91, 0x71, 0xCA, 0xA3, 0x8E, 0xF7, 0x9B, 0x57, 0xC7, 0x2A, 0x4B, 0x27, 0xD0, 0x9B, 0x91, 0x08, 0x7C, 0x10, 0x22, 0x3F, 0x67, 0xAC, 0x22, 0x32, 0xD8, 0xDA, 0xB8, 0xB4, 0x91, 0x3C, 0x46, 0xE7, 0x0E, 0xB6, 0xC4, 0x46, 0x8B, 0x92, 0x72, 0xE9, 0x68, 0x71, 0xF5, 0xC3, 0xDD, 0xAB, 0x18, 0xAF, 0x5F, 0xC5, 0x05, 0xC7, 0x55, 0x5C, 0x31, 0x9D, 0xA4, 0xD3, 0x1A, 0x2F, 0xF9, 0xF8, 0xC6, 0x5E, 0xED, 0x35, 0x2B, 0x3F, 0x62, 0xFF, 0xB9, 0x8B, 0xEE, 0xFF, 0xEA, 0x55, 0x83, 0x50, 0x56, 0xFB, 0xB2, 0xC7, 0x18, 0xDE, 0xE6, 0x75, 0x1B, 0x00, 0xF8, 0x05, 0x3E, 0x56, 0x52, 0x2E, 0xDB, 0x0E, 0x9B, 0x7A, 0x00, 0x00, 0x00, 0x00, 0x49, 0x45, 0x4E, 0x44, 0xAE, 0x42, 0x60, 0x82" },
    { "message_info": "0x89, 0x50, 0x4E, 0x47, 0x0D, 0x0A, 0x1A, 0x0A, 0x00, 0x00, 0x00, 0x0D, 0x49, 0x48, 0x44, 0x52, 0x00, 0x00, 0x00, 0x30, 0x00, 0x00, 0x00, 0x30, 0x08, 0x06, 0x00, 0x00, 0x00, 0x57, 0x02, 0xF9, 0x87, 0x00, 0x00, 0x00, 0x09, 0x70, 0x48, 0x59, 0x73, 0x00, 0x00, 0x0B, 0x12, 0x00, 0x00, 0x0B, 0x12, 0x01, 0xD2, 0xDD, 0x7E, 0xFC, 0x00, 0x00, 0x03, 0x27, 0x49, 0x44, 0x41, 0x54, 0x68, 0x81, 0xE5, 0x5A, 0x3D, 0x8E, 0xEA, 0x40, 0x0C, 0x9E, 0x87, 0xDE, 0x01, 0x92, 0x13, 0x2C, 0xCA, 0x09, 0x22, 0x71, 0x80, 0x4D, 0xC1, 0x01, 0x5E, 0x93, 0x1A, 0x2A, 0x6A, 0x3A, 0xDA, 0x94, 0x94, 0xDB, 0x42, 0x95, 0x1A, 0x9A, 0xF4, 0x50, 0xE4, 0x1D, 0x00, 0x89, 0x0B, 0x80, 0xE0, 0x02, 0x28, 0x37, 0x98, 0xA7, 0x2F, 0x8A, 0x23, 0xEF, 0x10, 0x96, 0xFC, 0x78, 0xD8, 0x85, 0xF7, 0x49, 0x5E, 0x65, 0x57, 0x1B, 0xCF, 0x67, 0x8F, 0xED, 0x78, 0x9C, 0xFC, 0xD2, 0x5A, 0x2B, 0x01, 0x04, 0x4C, 0xFA, 0x4A, 0xA9, 0xB7, 0x1B, 0x2A, 0xCF, 0x4A, 0xA9, 0x93, 0x52, 0x2A, 0x65, 0xD2, 0x0D, 0x30, 0xA0, 0xA5, 0x04, 0x5A, 0xEB, 0x58, 0x6B, 0x9D, 0xE9, 0xF6, 0xC8, 0x0A, 0x1D, 0x41, 0x5B, 0x1E, 0x6D, 0x76, 0x00, 0x5E, 0x8E, 0x94, 0x52, 0xEF, 0x9F, 0x5C, 0x7B, 0x3E, 0xAB, 0x34, 0x4D, 0xD5, 0x7E, 0xBF, 0xCF, 0xA5, 0x0A, 0xBE, 0xEF, 0xE7, 0x12, 0x04, 0x81, 0x7A, 0x7B, 0xBB, 0xDA, 0xA4, 0xBF, 0x85, 0xDE, 0x66, 0xBB, 0xD2, 0xC0, 0xDA, 0xBE, 0xD6, 0x3A, 0xE1, 0xBE, 0x3E, 0x9D, 0x4E, 0x3A, 0x8A, 0x22, 0xDD, 0xEF, 0xF7, 0xE1, 0x85, 0x46, 0x82, 0x7B, 0x70, 0x2F, 0x74, 0x18, 0x48, 0x8A, 0xB5, 0x6A, 0xF1, 0xAA, 0x4B, 0xFE, 0x0F, 0x0F, 0x15, 0x2C, 0x3A, 0x1E, 0x8F, 0x1B, 0x93, 0xBE, 0x25, 0xD0, 0x65, 0x18, 0x92, 0x15, 0x6B, 0x8A, 0x18, 0xF0, 0x51, 0x6A, 0xCD, 0xB2, 0xDC, 0x6B, 0x52, 0xC4, 0x4D, 0x81, 0x6E, 0xAC, 0xC1, 0xF0, 0xD1, 0xD5, 0x80, 0x98, 0x74, 0xED, 0xF7, 0x7B, 0xED, 0xFB, 0xBE, 0x35, 0xF2, 0x24, 0x58, 0x03, 0x6B, 0x31, 0xC4, 0x6D, 0x0D, 0x28, 0xC9, 0x27, 0x49, 0xA2, 0x1D, 0xC7, 0xB1, 0x4E, 0x9E, 0x04, 0x6B, 0x61, 0xCD, 0x3A, 0x46, 0xDC, 0x0D, 0x9B, 0x38, 0x8E, 0x1F, 0x46, 0xDC, 0x14, 0xAC, 0x7D, 0x2F, 0x9C, 0x6E, 0x25, 0x6C, 0xE9, 0xF9, 0xEF, 0x22, 0x4F, 0x62, 0xEC, 0xC4, 0x55, 0x62, 0x57, 0x95, 0xCA, 0x8C, 0x62, 0xFE, 0x91, 0x61, 0xF3, 0x55, 0x38, 0xB1, 0x9C, 0xC8, 0xCC, 0x12, 0x6B, 0x1A, 0x90, 0x50, 0xB5, 0x79, 0x44, 0xC2, 0xD6, 0x15, 0x70, 0x61, 0xD5, 0x29, 0xB9, 0x65, 0x40, 0x40, 0xFF, 0x31, 0x9D, 0x4E, 0xC5, 0x49, 0x0C, 0x06, 0x03, 0x7D, 0x38, 0x1C, 0x72, 0xFD, 0x9B, 0xCD, 0x46, 0xBB, 0xAE, 0xDB, 0xE8, 0x7E, 0x94, 0x58, 0x86, 0xA0, 0xCA, 0x80, 0x94, 0x1E, 0x52, 0x36, 0xBC, 0x78, 0xB9, 0x5C, 0x3E, 0x3D, 0x6F, 0x67, 0xB3, 0x59, 0x63, 0x1D, 0xEC, 0x61, 0x97, 0x12, 0xEF, 0x1E, 0xEB, 0x6F, 0xF2, 0xDE, 0x26, 0x8A, 0xA2, 0xCE, 0x0D, 0xA2, 0x09, 0xCF, 0xF3, 0x94, 0xEB, 0xBA, 0x9D, 0xF5, 0x30, 0x6E, 0xEF, 0x05, 0xE7, 0x72, 0x07, 0x62, 0x9B, 0xDE, 0x87, 0x50, 0xF8, 0x10, 0x86, 0xC3, 0x61, 0x2B, 0x3D, 0x6C, 0x17, 0x62, 0x1E, 0x42, 0x79, 0x86, 0xD8, 0x6C, 0x13, 0x3C, 0xCF, 0xD3, 0x8B, 0xC5, 0x42, 0xAF, 0x56, 0x2B, 0x1D, 0x86, 0x61, 0x6B, 0x3D, 0x2C, 0x17, 0x32, 0x32, 0xA0, 0x4C, 0xDE, 0x36, 0x5D, 0xE5, 0xA3, 0x05, 0x1C, 0x79, 0x32, 0xC3, 0x80, 0x48, 0x22, 0x7C, 0x90, 0x94, 0x66, 0x98, 0x20, 0x71, 0xE1, 0xF5, 0xB6, 0xE1, 0x52, 0x23, 0x8C, 0xA2, 0xB2, 0xFA, 0x74, 0x6D, 0x19, 0x4C, 0xF2, 0x26, 0xBA, 0x84, 0x8D, 0x29, 0xAC, 0xC5, 0x48, 0x7F, 0x17, 0x67, 0xD8, 0x9B, 0xA7, 0xA8, 0x3A, 0xA0, 0x0A, 0xB3, 0x5C, 0x2E, 0xD5, 0xF1, 0x78, 0x2C, 0xEF, 0x98, 0x4C, 0x26, 0x79, 0x05, 0xA2, 0xEB, 0xF5, 0x7A, 0xDD, 0xB9, 0x12, 0x11, 0xD7, 0xD1, 0x68, 0xA4, 0x72, 0xEE, 0x65, 0x30, 0x05, 0x81, 0x78, 0x3C, 0xC3, 0xEB, 0x3C, 0x9C, 0xA4, 0xF4, 0x82, 0x2B, 0xA1, 0x77, 0xDF, 0x5E, 0x19, 0xEC, 0x76, 0x3B, 0x2B, 0x7A, 0xAD, 0x1A, 0x30, 0x1C, 0x0E, 0xCB, 0xEB, 0xED, 0x76, 0x6B, 0x67, 0x11, 0xDA, 0x0A, 0xE9, 0xE6, 0x0D, 0xBD, 0x0E, 0x6F, 0x1F, 0xF0, 0x1C, 0xB0, 0x1A, 0x42, 0x8E, 0xE3, 0x88, 0x3A, 0x06, 0x49, 0x4B, 0xC9, 0x0D, 0xEF, 0xF3, 0xE4, 0x96, 0x84, 0xB5, 0x10, 0x82, 0x01, 0x04, 0x54, 0x27, 0x5B, 0xE8, 0x15, 0xE3, 0xBE, 0x7C, 0xE0, 0x24, 0x49, 0x9E, 0xCA, 0x27, 0x3C, 0x2F, 0x55, 0x3E, 0x09, 0x8C, 0xEB, 0xB9, 0x57, 0xCC, 0x2A, 0x45, 0x0D, 0x08, 0xC3, 0xB0, 0xBC, 0xB6, 0xE1, 0x7D, 0xC6, 0xF5, 0x24, 0xD6, 0x4A, 0x90, 0xE0, 0xE0, 0xC2, 0x6B, 0x7F, 0xD3, 0x83, 0x4B, 0x1D, 0x31, 0x5B, 0x09, 0xD1, 0x66, 0x0E, 0xBD, 0x0F, 0x61, 0x3E, 0x9F, 0x8B, 0x93, 0xAF, 0x6A, 0xE6, 0x44, 0xDB, 0x69, 0x5E, 0x3A, 0xB1, 0x1B, 0xD2, 0x06, 0x54, 0xB5, 0xD3, 0x62, 0x07, 0x1A, 0x74, 0x9D, 0x36, 0x5A, 0x07, 0x2E, 0xE6, 0x81, 0x86, 0xCA, 0x68, 0x8C, 0x1F, 0x18, 0x79, 0x8F, 0xC7, 0x63, 0xB1, 0x64, 0xAB, 0x3A, 0x46, 0x76, 0x39, 0x5A, 0x82, 0x1B, 0x1B, 0xCB, 0xE7, 0x9C, 0x45, 0x0F, 0xF5, 0x3C, 0x81, 0x01, 0xB4, 0xD8, 0xC8, 0x03, 0x9C, 0x15, 0x70, 0x12, 0xC3, 0xEF, 0xC8, 0x11, 0x01, 0xEF, 0xA7, 0x5F, 0x8E, 0x55, 0xBA, 0xE4, 0x02, 0x4F, 0xE2, 0x2A, 0xB4, 0x99, 0x46, 0xA8, 0x9A, 0x63, 0x15, 0xB1, 0xC1, 0x16, 0x72, 0x01, 0x86, 0x60, 0xFE, 0x43, 0xC0, 0x35, 0xFE, 0xD6, 0xA6, 0x27, 0xAA, 0x3B, 0xD8, 0x7A, 0x89, 0xD1, 0xE2, 0xD3, 0x0F, 0x77, 0x5F, 0x62, 0xBC, 0xFE, 0x12, 0x2F, 0x38, 0xAE, 0x8C, 0x78, 0xC6, 0x57, 0x4C, 0x57, 0xE1, 0xF4, 0x8C, 0x2F, 0xF9, 0x78, 0x62, 0x3F, 0xED, 0x6B, 0x56, 0x5E, 0x62, 0x7F, 0xDC, 0x8B, 0xEE, 0xFF, 0xEA, 0x53, 0x03, 0x53, 0x9E, 0xF6, 0x63, 0x8F, 0x2A, 0x7C, 0xCF, 0xE7, 0x36, 0x4A, 0xA9, 0x7F, 0x9E, 0xE3, 0x2C, 0x35, 0xA2, 0x6A, 0x3C, 0xD3, 0x00, 0x00, 0x00, 0x00, 0x49, 0x45, 0x4E, 0x44, 0xAE, 0x42, 0x60, 0x82" },
    { "message_question": "0x89, 0x50, 0x4E, 0x47, 0x0D, 0x0A, 0x1A, 0x0A, 0x00, 0x00, 0x00, 0x0D, 0x49, 0x48, 0x44, 0x52, 0x00, 0x00, 0x00, 0x30, 0x00, 0x00, 0x00, 0x30, 0x08, 0x06, 0x00, 0x00, 0x00, 0x57, 0x02, 0xF9, 0x87, 0x00, 0x00, 0x00, 0x09, 0x70, 0x48, 0x59, 0x73, 0x00, 0x00, 0x0B, 0x12, 0x00, 0x00, 0x0B, 0x12, 0x01, 0xD2, 0xDD, 0x7E, 0xFC, 0x00, 0x00, 0x03, 0x26, 0x49, 0x44, 0x41, 0x54, 0x68, 0x81, 0xE5, 0x5A, 0x3D, 0xB2, 0xA2, 0x40, 0x10, 0x9E, 0xA5, 0xF6, 0x00, 0x70, 0x02, 0x29, 0x4F, 0x40, 0x95, 0x07, 0x58, 0x02, 0x0E, 0xB0, 0x89, 0x39, 0x91, 0xB1, 0x99, 0x86, 0x84, 0x84, 0x2F, 0xD5, 0x88, 0x58, 0x13, 0x72, 0x0D, 0xD8, 0x5C, 0xAB, 0xB8, 0x00, 0x16, 0x5E, 0x40, 0x79, 0x27, 0x98, 0xAD, 0xA6, 0x18, 0x5E, 0x33, 0xC2, 0x13, 0xE6, 0x47, 0x57, 0xF7, 0xAB, 0xEA, 0xAA, 0xF7, 0xAA, 0xA4, 0xFB, 0xFB, 0xA6, 0x7B, 0x86, 0xE9, 0x19, 0x7E, 0x50, 0x4A, 0x89, 0x02, 0xB8, 0xC8, 0x6C, 0x42, 0xC8, 0xA8, 0xC3, 0xE5, 0x99, 0x10, 0x92, 0x13, 0x42, 0x12, 0x64, 0x72, 0x00, 0x01, 0x82, 0xE6, 0x52, 0x4A, 0x23, 0x4A, 0x69, 0x41, 0xC5, 0x51, 0x54, 0x3E, 0x5C, 0x51, 0x1E, 0x22, 0x19, 0x80, 0x51, 0x0E, 0x08, 0x21, 0xBF, 0x1A, 0x43, 0x7B, 0x3E, 0x93, 0x24, 0x49, 0x48, 0x9A, 0xA6, 0xA5, 0xB5, 0xC1, 0x71, 0x9C, 0xD2, 0x5C, 0xD7, 0x25, 0xA3, 0xD1, 0x4D, 0x92, 0xFE, 0x54, 0x7E, 0x87, 0x65, 0x65, 0x80, 0x5A, 0x9B, 0x52, 0x1A, 0xE3, 0xB1, 0xCE, 0xF3, 0x9C, 0x06, 0x41, 0x40, 0x6D, 0xDB, 0x86, 0x51, 0x18, 0x64, 0xF0, 0x0C, 0x3C, 0x0B, 0x3E, 0x38, 0xC4, 0x55, 0xAC, 0x5E, 0xBC, 0xFA, 0x92, 0xFF, 0x8D, 0x4B, 0x05, 0x82, 0xFA, 0xBE, 0x3F, 0x98, 0x74, 0x97, 0x81, 0x2F, 0x4E, 0x48, 0x51, 0xC5, 0x54, 0x22, 0xE0, 0xA3, 0xF6, 0x5A, 0x14, 0xE5, 0xA8, 0xA9, 0x22, 0xCE, 0x1B, 0xF8, 0x86, 0x18, 0x08, 0x1F, 0xB2, 0x02, 0x22, 0xE6, 0x2B, 0x4D, 0x53, 0xEA, 0x38, 0x8E, 0x36, 0xF2, 0xCC, 0x20, 0x06, 0xC4, 0x42, 0x88, 0x44, 0x05, 0xD4, 0xE4, 0xE3, 0x38, 0xA6, 0xA6, 0x69, 0x6A, 0x27, 0xCF, 0x0C, 0x62, 0x41, 0xCC, 0x3E, 0x22, 0xEE, 0x96, 0x4D, 0x14, 0x45, 0x0F, 0x23, 0xCE, 0x1B, 0xC4, 0xBE, 0x57, 0x4E, 0x5D, 0x13, 0xB6, 0x1E, 0xF9, 0x67, 0x91, 0x67, 0xC6, 0x65, 0xE2, 0x66, 0x62, 0xB7, 0x2D, 0x95, 0x05, 0xAB, 0xF9, 0x47, 0x96, 0xCD, 0x77, 0xE5, 0x84, 0xE6, 0x44, 0xC1, 0x2F, 0xB1, 0xBC, 0x80, 0x98, 0xAD, 0x36, 0xB2, 0x13, 0x76, 0xB1, 0x58, 0xD0, 0xD9, 0x6C, 0x46, 0x3D, 0xCF, 0x93, 0x16, 0x01, 0x5C, 0xD0, 0xEA, 0x14, 0x77, 0x09, 0x70, 0xD9, 0x2F, 0xE6, 0xF3, 0xB9, 0x74, 0x50, 0x1E, 0x87, 0xC3, 0xA1, 0x14, 0x65, 0x59, 0x96, 0x90, 0x3F, 0x58, 0x62, 0x11, 0xDC, 0x36, 0x01, 0x09, 0x7B, 0x49, 0xC9, 0x92, 0x1F, 0x8F, 0xC7, 0x9D, 0x9B, 0xA3, 0xCB, 0xE5, 0x52, 0x0A, 0x11, 0xF1, 0x8B, 0x5E, 0x76, 0x09, 0x2F, 0xA0, 0x1E, 0x7D, 0x15, 0x6F, 0x58, 0x18, 0x65, 0x28, 0x1D, 0x20, 0xBA, 0x5A, 0xAD, 0x68, 0x96, 0x65, 0xAD, 0x19, 0x19, 0x9A, 0x0D, 0xE0, 0xC6, 0x67, 0xA1, 0xB1, 0xE6, 0xAB, 0x18, 0xFD, 0x2E, 0x03, 0x41, 0x40, 0x5A, 0x56, 0x04, 0xCA, 0x42, 0x84, 0x05, 0x94, 0x33, 0x44, 0xE7, 0x36, 0x81, 0x19, 0x64, 0x04, 0x63, 0xB3, 0xD9, 0x88, 0xCE, 0x85, 0x82, 0x09, 0xA8, 0xCB, 0x47, 0x64, 0x57, 0x29, 0x62, 0xBB, 0xDD, 0xAE, 0x21, 0x62, 0xC8, 0x4A, 0x05, 0x1C, 0x71, 0x19, 0x19, 0xD5, 0xFE, 0xBE, 0xDC, 0xCF, 0xE7, 0x79, 0x2E, 0xDD, 0x20, 0xF5, 0xC1, 0x7A, 0xBD, 0x6E, 0xFC, 0xCA, 0xF3, 0xBC, 0xDE, 0xCF, 0x02, 0x47, 0xE0, 0x5A, 0xE1, 0x4B, 0x00, 0x34, 0x23, 0x8F, 0xC2, 0x76, 0xBB, 0x6D, 0x44, 0x9A, 0x4C, 0x26, 0x83, 0x22, 0x23, 0xAE, 0xA5, 0x00, 0xE8, 0x61, 0x3B, 0xBB, 0x28, 0x1D, 0xB0, 0x2C, 0x4B, 0xCA, 0x2B, 0xE2, 0x6A, 0x1B, 0xAC, 0x01, 0x7F, 0xA4, 0x00, 0xBE, 0x64, 0xF6, 0xFB, 0xFD, 0xA0, 0xE7, 0x11, 0xD7, 0x91, 0xA1, 0x8E, 0x56, 0x3F, 0x40, 0xB9, 0x84, 0x61, 0xD8, 0xF8, 0xED, 0x50, 0x01, 0x18, 0x3F, 0x75, 0x92, 0xCD, 0xB2, 0x8C, 0x9C, 0x4E, 0xA7, 0xFA, 0x7F, 0x28, 0x1D, 0xBE, 0xDE, 0x61, 0x42, 0x1F, 0x8F, 0x47, 0xF1, 0x20, 0x6C, 0x3D, 0xD2, 0xD1, 0x6D, 0xDD, 0x43, 0x18, 0x86, 0x42, 0x7E, 0x5D, 0xB7, 0x5E, 0xF9, 0x69, 0x9D, 0x01, 0xD3, 0x34, 0xC5, 0x47, 0xA1, 0x07, 0x60, 0x94, 0xAF, 0xD7, 0x6B, 0x69, 0xF0, 0x37, 0xAC, 0x44, 0x38, 0x3B, 0xA2, 0xD0, 0x5A, 0x42, 0x18, 0xCB, 0xE5, 0x52, 0xAA, 0xD6, 0xBB, 0x60, 0x54, 0xC7, 0x7D, 0xE5, 0x81, 0x93, 0x4A, 0xF0, 0x4B, 0xA5, 0x4A, 0xF2, 0x88, 0xEB, 0xD9, 0xA8, 0xCE, 0x2A, 0x95, 0x0B, 0x18, 0xFA, 0x72, 0x1A, 0x02, 0xC4, 0x35, 0x37, 0xD8, 0x51, 0x1E, 0x1C, 0xF7, 0xE9, 0x82, 0xEA, 0xD2, 0x41, 0x5C, 0x93, 0xA7, 0x6C, 0xE6, 0x64, 0xAC, 0x6D, 0x33, 0x07, 0x19, 0xF8, 0x04, 0x39, 0xBE, 0xEF, 0x6B, 0xCB, 0x82, 0x2A, 0x20, 0x8E, 0x9F, 0x2C, 0x03, 0x5A, 0x1A, 0x1A, 0xD6, 0x91, 0x81, 0x41, 0x8B, 0xA9, 0xCA, 0x6F, 0x57, 0x43, 0xA3, 0xB4, 0xA5, 0x9C, 0x4E, 0xA7, 0x8D, 0x57, 0x18, 0xF4, 0xC1, 0xA2, 0xCD, 0x3C, 0xB6, 0xEF, 0x5A, 0x4A, 0xA5, 0x4D, 0x3D, 0xDF, 0xB0, 0x00, 0x44, 0x1B, 0xF9, 0x8E, 0xD1, 0xAF, 0x9B, 0x7A, 0xBC, 0x99, 0x83, 0xCB, 0x85, 0xF2, 0xE2, 0x21, 0x08, 0x02, 0xA9, 0x8A, 0x6D, 0x7B, 0xC3, 0xC2, 0x1B, 0x58, 0x06, 0xC0, 0x09, 0x5D, 0x8A, 0x7C, 0x11, 0xD4, 0x71, 0xB0, 0x05, 0xE5, 0x82, 0xB3, 0x20, 0xBA, 0xE7, 0x61, 0xD6, 0xF7, 0x60, 0xEB, 0x2D, 0x8E, 0x16, 0x5F, 0xFE, 0x70, 0xF7, 0x2D, 0x8E, 0xD7, 0xDF, 0xE2, 0x82, 0xE3, 0x2D, 0xAE, 0x98, 0x6E, 0xCA, 0xE9, 0x15, 0x2F, 0xF9, 0xF0, 0xC4, 0x7E, 0xD9, 0x6B, 0x56, 0xBC, 0xC4, 0xFE, 0x73, 0x17, 0xDD, 0xFF, 0xD5, 0xA7, 0x06, 0xBC, 0xBD, 0xEC, 0xC7, 0x1E, 0x6D, 0x78, 0xCE, 0xE7, 0x36, 0x84, 0x90, 0xBF, 0x9C, 0x83, 0x3D, 0x15, 0x75, 0xE9, 0xA3, 0x0C, 0x00, 0x00, 0x00, 0x00, 0x49, 0x45, 0x4E, 0x44, 0xAE, 0x42, 0x60, 0x82" },
    { "message_stop": "0x89, 0x50, 0x4E, 0x47, 0x0D, 0x0A, 0x1A, 0x0A, 0x00, 0x00, 0x00, 0x0D, 0x49, 0x48, 0x44, 0x52, 0x00, 0x00, 0x00, 0x30, 0x00, 0x00, 0x00, 0x30, 0x08, 0x06, 0x00, 0x00, 0x00, 0x57, 0x02, 0xF9, 0x87, 0x00, 0x00, 0x00, 0x09, 0x70, 0x48, 0x59, 0x73, 0x00, 0x00, 0x0B, 0x12, 0x00, 0x00, 0x0B, 0x12, 0x01, 0xD2, 0xDD, 0x7E, 0xFC, 0x00, 0x00, 0x03, 0x75, 0x49, 0x44, 0x41, 0x54, 0x68, 0x81, 0xE5, 0x5A, 0x3D, 0x6F, 0x13, 0x41, 0x10, 0x7D, 0x9C, 0x14, 0x05, 0x8A, 0x48, 0xAE, 0xD3, 0xD8, 0xA5, 0xE9, 0xDC, 0x50, 0x73, 0xE2, 0x0F, 0xD8, 0x2D, 0x12, 0x12, 0x6E, 0xA9, 0x48, 0x41, 0x19, 0x09, 0x23, 0x41, 0x13, 0x51, 0x84, 0x3F, 0x80, 0x0E, 0x84, 0x94, 0x92, 0xB3, 0x94, 0xDA, 0x32, 0x2D, 0x20, 0x38, 0x89, 0x26, 0xA5, 0x5D, 0x10, 0xA5, 0xBC, 0x28, 0x05, 0x42, 0x14, 0x8B, 0xE6, 0x34, 0x6B, 0xC6, 0xEB, 0xB3, 0xBD, 0x1F, 0x67, 0x27, 0x36, 0x23, 0x4D, 0xEC, 0x24, 0xBB, 0x33, 0xEF, 0xED, 0xCE, 0xEC, 0xCE, 0xEE, 0xDD, 0x2D, 0xA5, 0x14, 0x2A, 0x90, 0x58, 0x68, 0x03, 0x40, 0x7D, 0x8E, 0xC9, 0x31, 0x80, 0x11, 0x80, 0xA1, 0xD0, 0x30, 0x21, 0x02, 0x9E, 0x1A, 0x2B, 0xA5, 0x12, 0xA5, 0x54, 0xAE, 0xFC, 0x25, 0x67, 0x1B, 0xB1, 0x2F, 0x0E, 0x9F, 0x19, 0xA0, 0x51, 0xEE, 0x01, 0xB8, 0x3F, 0x35, 0xB4, 0xE3, 0x31, 0x86, 0xC3, 0x21, 0xB2, 0x2C, 0x2B, 0xB4, 0x4C, 0x5A, 0xAD, 0x56, 0xA1, 0x71, 0x1C, 0xA3, 0x5E, 0x9F, 0x99, 0xA4, 0x4F, 0x6C, 0xD7, 0x6D, 0x56, 0x1C, 0xD8, 0x36, 0x94, 0x52, 0xA9, 0x1C, 0xEB, 0xD1, 0x68, 0xA4, 0x7A, 0xBD, 0x9E, 0x6A, 0x34, 0x1A, 0x34, 0x0A, 0x4E, 0x4A, 0x7D, 0xA8, 0x2F, 0xD9, 0x30, 0x24, 0x65, 0x5F, 0x56, 0xB8, 0x6C, 0xC1, 0x77, 0x64, 0xA8, 0x90, 0xD3, 0x6E, 0xB7, 0xEB, 0x0C, 0x7A, 0x9E, 0x92, 0x2D, 0x83, 0x48, 0xCE, 0x3E, 0x2B, 0x21, 0x70, 0x3C, 0xB1, 0x9A, 0xE7, 0xC5, 0xA8, 0x55, 0x05, 0xDC, 0x54, 0xB2, 0x4D, 0x3E, 0x84, 0x1C, 0x87, 0x12, 0x48, 0xB4, 0xAD, 0x2C, 0xCB, 0x54, 0xAB, 0xD5, 0x5A, 0x19, 0x78, 0xAD, 0xE4, 0x83, 0x7C, 0x09, 0x49, 0x7C, 0x09, 0x4C, 0xC0, 0xA7, 0x69, 0xAA, 0x6A, 0xB5, 0xDA, 0xCA, 0xC1, 0x6B, 0x25, 0x5F, 0xE4, 0xD3, 0x86, 0xC4, 0xD2, 0xB0, 0x49, 0x92, 0x64, 0x6D, 0xC0, 0x4D, 0x25, 0xDF, 0xCB, 0xC2, 0x69, 0x5E, 0xC2, 0x4E, 0x46, 0xFE, 0xBA, 0xC0, 0x6B, 0x35, 0x66, 0x62, 0x26, 0xB1, 0xCB, 0x96, 0xCA, 0x5C, 0xC7, 0xFC, 0x3A, 0xC3, 0x66, 0x51, 0x38, 0x89, 0x9C, 0xC8, 0xCD, 0x25, 0xD6, 0x24, 0x90, 0xEA, 0xD5, 0x66, 0x1D, 0x09, 0x6B, 0xAB, 0x84, 0x45, 0xAC, 0x4E, 0xE9, 0x3C, 0x02, 0xB1, 0x6E, 0x71, 0x70, 0x70, 0x70, 0x63, 0xC0, 0x6B, 0xA5, 0x25, 0x56, 0x48, 0x5C, 0x46, 0x60, 0xA8, 0x37, 0x29, 0x1B, 0x83, 0x7B, 0x80, 0x7A, 0x0F, 0xA8, 0x66, 0x20, 0x30, 0xB2, 0xB3, 0x6F, 0xD9, 0x56, 0x6C, 0x76, 0x43, 0x93, 0xC0, 0x64, 0xF4, 0x6D, 0x76, 0x58, 0x72, 0x7A, 0x0A, 0xA8, 0x0C, 0x50, 0x5F, 0x03, 0x48, 0x68, 0x3B, 0xB6, 0x36, 0x08, 0x9B, 0x39, 0x0B, 0x53, 0x6B, 0xBE, 0xCB, 0xE8, 0x93, 0xE3, 0x6F, 0x80, 0xFA, 0xE1, 0x49, 0xC2, 0xB4, 0xF1, 0xD9, 0x7D, 0x16, 0x8A, 0xBD, 0x21, 0xE2, 0x9A, 0xAE, 0x43, 0x3F, 0x92, 0x24, 0xB1, 0x2A, 0x00, 0xAF, 0x00, 0x3C, 0x04, 0x70, 0x0E, 0xE0, 0x0F, 0x80, 0x5D, 0x00, 0x1F, 0x00, 0x34, 0x2D, 0x0B, 0xC8, 0x3D, 0x00, 0x27, 0x00, 0xF6, 0x01, 0xEC, 0xB0, 0x8D, 0x57, 0x96, 0x7D, 0x05, 0xC6, 0x8E, 0xAE, 0x46, 0x27, 0xE1, 0xE3, 0x5A, 0x55, 0xFA, 0xCC, 0x04, 0xFD, 0x7F, 0x20, 0xFA, 0xD0, 0x67, 0xDB, 0xC1, 0x27, 0x61, 0x94, 0x61, 0x44, 0x04, 0x7A, 0x2E, 0xE1, 0x13, 0x42, 0xA2, 0xC9, 0xA1, 0xA2, 0xDB, 0x92, 0xBA, 0x80, 0x2F, 0x09, 0xA3, 0x5E, 0xC4, 0x07, 0x94, 0xE2, 0x30, 0xE2, 0x23, 0x14, 0x4E, 0xCF, 0x38, 0x0C, 0xB0, 0x20, 0x9C, 0x9A, 0xFC, 0xF7, 0x3B, 0x1C, 0x36, 0x24, 0x87, 0x00, 0xFA, 0x1E, 0x3E, 0x05, 0xD6, 0x38, 0xE2, 0x33, 0xEC, 0xDC, 0x53, 0x94, 0x8D, 0x9C, 0x01, 0x78, 0x0C, 0xE0, 0xB7, 0x20, 0xF1, 0x4E, 0x90, 0xD0, 0xE0, 0x77, 0xF9, 0x77, 0x6A, 0xF7, 0xD4, 0x13, 0xBC, 0x81, 0xB5, 0x11, 0xE9, 0x03, 0x78, 0x08, 0x01, 0x30, 0x89, 0x47, 0x82, 0x04, 0x8D, 0xF2, 0x6B, 0x00, 0xF7, 0x4A, 0xC0, 0x53, 0xBB, 0x41, 0x80, 0x2F, 0x81, 0xB5, 0x1E, 0x2D, 0x6E, 0xEA, 0x26, 0x92, 0xC4, 0x0E, 0xAF, 0x32, 0x6F, 0x4B, 0xC0, 0x9F, 0x55, 0xE8, 0xB3, 0x52, 0x02, 0x28, 0x21, 0xA1, 0x65, 0x15, 0xE0, 0x21, 0x09, 0xE4, 0x79, 0x5E, 0xB1, 0xE9, 0x7F, 0x42, 0x09, 0x7E, 0x01, 0xE0, 0xE7, 0x0A, 0x6C, 0x4F, 0x08, 0xD4, 0x6A, 0xB5, 0x4A, 0x0C, 0x9A, 0x09, 0x0B, 0x11, 0x4E, 0x27, 0xBC, 0x89, 0x55, 0x29, 0x95, 0x86, 0xD0, 0x83, 0x92, 0x84, 0x3D, 0x34, 0x72, 0xA2, 0x6A, 0x12, 0x11, 0x5F, 0xF7, 0x15, 0x17, 0x4E, 0x21, 0xD2, 0x06, 0xF0, 0xA6, 0x24, 0x61, 0xFB, 0x25, 0x89, 0x1D, 0x4A, 0x42, 0x60, 0x1D, 0x47, 0x7C, 0x57, 0x19, 0x44, 0x80, 0xC0, 0xBF, 0xE4, 0xEF, 0x14, 0xEF, 0xBF, 0x8C, 0x84, 0xA5, 0xCF, 0x27, 0xFC, 0xBD, 0x0A, 0x12, 0x02, 0xEB, 0x28, 0xB8, 0x94, 0x68, 0x1B, 0x75, 0xCD, 0x60, 0x41, 0x29, 0xD1, 0x16, 0x25, 0x04, 0x95, 0xE2, 0x7D, 0x2E, 0x45, 0x42, 0x4A, 0x89, 0xA0, 0x62, 0xCE, 0x04, 0x7F, 0x6A, 0x01, 0x48, 0xF6, 0xF9, 0xC2, 0x87, 0x22, 0x17, 0x9F, 0x66, 0x31, 0x17, 0xF1, 0x65, 0xEA, 0x25, 0xCD, 0x47, 0xB7, 0xDB, 0x75, 0x0A, 0x9B, 0xE7, 0xA2, 0x1C, 0x3E, 0xE7, 0x12, 0xFB, 0x6A, 0x49, 0x3F, 0xCA, 0x89, 0x17, 0xDC, 0xE7, 0x36, 0x80, 0xBB, 0x00, 0x8E, 0x1C, 0xC2, 0x47, 0x60, 0xBC, 0x2C, 0xB0, 0xFB, 0x1C, 0x68, 0x48, 0x3F, 0xF2, 0x08, 0xDA, 0x8E, 0xFC, 0xB2, 0x99, 0x38, 0x72, 0x0F, 0x9F, 0xC4, 0xFB, 0x48, 0x29, 0xCB, 0x68, 0x1F, 0xF0, 0x26, 0x89, 0xEF, 0x96, 0x76, 0x16, 0x1D, 0x29, 0x9D, 0x0F, 0xF5, 0x9A, 0x84, 0x2F, 0x78, 0x49, 0xC2, 0x36, 0x99, 0x17, 0x1D, 0xEA, 0xA7, 0x66, 0x61, 0x95, 0x37, 0xD0, 0xBE, 0x6A, 0x73, 0xAD, 0xB2, 0xF1, 0x17, 0x5B, 0x5B, 0x71, 0xB5, 0xB8, 0xF1, 0x97, 0xBB, 0x5B, 0x71, 0xBD, 0xBE, 0x15, 0x0F, 0x38, 0xB6, 0xE2, 0x11, 0xD3, 0x4C, 0x38, 0x6D, 0xE2, 0x43, 0x3E, 0x99, 0xD8, 0x1B, 0xFB, 0x98, 0x55, 0x2E, 0xB1, 0x37, 0xEE, 0x41, 0xF7, 0x7F, 0xF5, 0xAA, 0x81, 0xA9, 0x1B, 0xFB, 0xB2, 0x47, 0x99, 0x5C, 0xCF, 0xEB, 0x36, 0x00, 0xFE, 0x02, 0x00, 0xBA, 0x0D, 0x00, 0x6B, 0x61, 0x5D, 0x1F, 0x00, 0x00, 0x00, 0x00, 0x49, 0x45, 0x4E, 0x44, 0xAE, 0x42, 0x60, 0x82" },
    { "button_switcher_off": "0x89, 0x50, 0x4E, 0x47, 0x0D, 0x0A, 0x1A, 0x0A, 0x00, 0x00, 0x00, 0x0D, 0x49, 0x48, 0x44, 0x52, 0x00, 0x00, 0x00, 0x26, 0x00, 0x00, 0x00, 0x18, 0x08, 0x06, 0x00, 0x00, 0x00, 0x96, 0x4D, 0x8F, 0x73, 0x00, 0x00, 0x00, 0x19, 0x74, 0x45, 0x58, 0x74, 0x53, 0x6F, 0x66, 0x74, 0x77, 0x61, 0x72, 0x65, 0x00, 0x41, 0x64, 0x6F, 0x62, 0x65, 0x20, 0x49, 0x6D, 0x61, 0x67, 0x65, 0x52, 0x65, 0x61, 0x64, 0x79, 0x71, 0xC9, 0x65, 0x3C, 0x00, 0x00, 0x01, 0x4D, 0x49, 0x44, 0x41, 0x54, 0x78, 0xDA, 0xEC, 0x96, 0xE1, 0x8D, 0x82, 0x40, 0x10, 0x85, 0xD5, 0x0A, 0x28, 0x81, 0xAB, 0x40, 0xCC, 0x15, 0xA0, 0x57, 0x81, 0x52, 0x81, 0xD2, 0xC1, 0x51, 0x01, 0x25, 0xA8, 0x15, 0x48, 0x07, 0x62, 0x05, 0x6A, 0x01, 0x97, 0xC3, 0x0E, 0x28, 0x61, 0x4B, 0x70, 0x5E, 0xF2, 0x26, 0xD9, 0xE3, 0x20, 0xFE, 0x9A, 0x8D, 0x3F, 0xF6, 0x25, 0x13, 0xC2, 0x00, 0x99, 0x6F, 0x67, 0x76, 0x66, 0x99, 0x4C, 0xA2, 0xA2, 0x6C, 0x35, 0x1D, 0x72, 0xB6, 0x8F, 0x9F, 0x6F, 0xB9, 0x6C, 0xC5, 0xB2, 0x00, 0x0C, 0xAD, 0xD8, 0x45, 0xEC, 0x90, 0xCD, 0x3F, 0xDD, 0x20, 0x98, 0x00, 0x01, 0xE4, 0x2C, 0x96, 0x8A, 0xD5, 0xFC, 0xC0, 0x19, 0x42, 0x25, 0x62, 0x4B, 0xB1, 0x1D, 0xE3, 0xE4, 0x02, 0xD7, 0xFE, 0x01, 0x13, 0x28, 0xC0, 0xFC, 0x8A, 0x75, 0x7C, 0xA1, 0x0B, 0x55, 0x36, 0xC6, 0xD6, 0x84, 0x7C, 0x01, 0xCE, 0x07, 0xBB, 0xF2, 0xC1, 0x02, 0x29, 0x95, 0x7B, 0xAC, 0x66, 0x43, 0x1F, 0x56, 0x53, 0xFB, 0xA9, 0x36, 0x80, 0x43, 0x3C, 0x30, 0x24, 0x12, 0xE7, 0x63, 0x4A, 0xE7, 0x8A, 0x4E, 0x64, 0xAA, 0x61, 0x49, 0xAF, 0x4C, 0xB5, 0xCA, 0xE9, 0x6A, 0x0C, 0xE1, 0x94, 0xA3, 0x98, 0xD1, 0xB7, 0x46, 0x09, 0x01, 0xC5, 0xFB, 0x53, 0x0F, 0x4A, 0xF7, 0xC3, 0xD9, 0xB2, 0xA4, 0x12, 0xFF, 0xC6, 0x66, 0x58, 0x2A, 0x58, 0xC6, 0xBD, 0xA5, 0xF5, 0x1E, 0xEB, 0xC6, 0x94, 0xAB, 0xB2, 0x14, 0xE0, 0xD2, 0xD9, 0x50, 0xF0, 0x77, 0x98, 0x63, 0x0A, 0xD6, 0x29, 0x10, 0xD3, 0xE9, 0x5E, 0xCC, 0x1D, 0x4B, 0xAD, 0x7C, 0xB0, 0x7B, 0xAF, 0x4C, 0xE5, 0xC8, 0x47, 0x07, 0xE3, 0xCE, 0xD4, 0x6D, 0x74, 0x51, 0xB0, 0x86, 0x59, 0xDB, 0x33, 0x6B, 0x18, 0xAE, 0xB9, 0x97, 0x1D, 0x5C, 0x0B, 0xF1, 0x97, 0xC6, 0xD9, 0x3A, 0xE9, 0x68, 0xF2, 0xE7, 0xD8, 0x86, 0x5D, 0xD7, 0x10, 0xC2, 0x85, 0xDA, 0x4F, 0x9C, 0x61, 0x7B, 0x9E, 0x00, 0x88, 0x5D, 0xF7, 0x8F, 0xA4, 0x1D, 0xA9, 0x91, 0xBD, 0x23, 0x3A, 0xC4, 0x78, 0x6E, 0xA5, 0xDC, 0x53, 0x15, 0xF7, 0x78, 0xC1, 0x6A, 0xFD, 0x3F, 0xC4, 0xF9, 0x72, 0x45, 0xFA, 0x50, 0x42, 0x95, 0x8E, 0x6C, 0xBC, 0xF1, 0xBF, 0x8B, 0xDE, 0xA1, 0x9E, 0x04, 0x18, 0xAA, 0x51, 0x51, 0x51, 0xAA, 0xA7, 0x00, 0x03, 0x00, 0x92, 0xA3, 0x7E, 0x68, 0x9A, 0xFB, 0xAC, 0x45, 0x00, 0x00, 0x00, 0x00, 0x49, 0x45, 0x4E, 0x44, 0xAE, 0x42, 0x60, 0x82" },
    { "button_switcher_on": "0x89, 0x50, 0x4E, 0x47, 0x0D, 0x0A, 0x1A, 0x0A, 0x00, 0x00, 0x00, 0x0D, 0x49, 0x48, 0x44, 0x52, 0x00, 0x00, 0x00, 0x26, 0x00, 0x00, 0x00, 0x18, 0x08, 0x06, 0x00, 0x00, 0x00, 0x96, 0x4D, 0x8F, 0x73, 0x00, 0x00, 0x00, 0x19, 0x74, 0x45, 0x58, 0x74, 0x53, 0x6F, 0x66, 0x74, 0x77, 0x61, 0x72, 0x65, 0x00, 0x41, 0x64, 0x6F, 0x62, 0x65, 0x20, 0x49, 0x6D, 0x61, 0x67, 0x65, 0x52, 0x65, 0x61, 0x64, 0x79, 0x71, 0xC9, 0x65, 0x3C, 0x00, 0x00, 0x01, 0x4C, 0x49, 0x44, 0x41, 0x54, 0x78, 0xDA, 0x62, 0x60, 0x18, 0x05, 0xA3, 0x80, 0xB6, 0x80, 0x11, 0x5D, 0x80, 0x6D, 0xE9, 0x7D, 0x07, 0x20, 0x15, 0x0F, 0xC4, 0x01, 0x40, 0x2C, 0x40, 0x63, 0xFB, 0x1F, 0x00, 0xF1, 0x06, 0x20, 0x9E, 0xF8, 0x2B, 0x5A, 0xF1, 0x01, 0x4E, 0x87, 0x01, 0x1D, 0xD5, 0x0F, 0xA4, 0x0A, 0x06, 0x28, 0x90, 0x0A, 0x81, 0x8E, 0x9B, 0x80, 0xE1, 0x30, 0xA0, 0xA3, 0xE6, 0x03, 0xA9, 0x84, 0x01, 0x8E, 0xC1, 0x46, 0xA0, 0xE3, 0x1A, 0xE0, 0x0E, 0x03, 0x3A, 0x0A, 0xE4, 0xA0, 0xF9, 0xF4, 0xB0, 0x39, 0x56, 0x89, 0x87, 0x41, 0x81, 0x9B, 0x05, 0xCC, 0x3E, 0xF8, 0xEA, 0x07, 0xC3, 0xA1, 0x97, 0x3F, 0xD0, 0x95, 0x38, 0x02, 0x1D, 0x77, 0x80, 0x05, 0xCA, 0xA9, 0xA7, 0x87, 0xA3, 0x76, 0xBB, 0x48, 0x30, 0xD8, 0x89, 0x71, 0xC0, 0xF9, 0x35, 0x40, 0xBC, 0xF8, 0xDE, 0x17, 0x86, 0x94, 0x13, 0x6F, 0x90, 0x95, 0xE5, 0x03, 0xF1, 0x01, 0x26, 0x60, 0x68, 0x19, 0x00, 0x19, 0x0A, 0xB4, 0x76, 0x54, 0xAE, 0x3A, 0x1F, 0x8A, 0xA3, 0x90, 0x43, 0xD0, 0x4E, 0x1C, 0x45, 0x1C, 0x94, 0xE9, 0x18, 0x98, 0xE8, 0x90, 0xF3, 0xC0, 0xC0, 0x4F, 0x96, 0x0B, 0xB7, 0x9C, 0x0C, 0x17, 0x7A, 0xC9, 0x60, 0xC0, 0x34, 0x18, 0xCA, 0x2C, 0x01, 0x56, 0x0C, 0x67, 0x08, 0xD0, 0xCD, 0x61, 0x17, 0xDF, 0xFF, 0x22, 0x45, 0xEE, 0x01, 0xC8, 0x61, 0x17, 0xE8, 0xE1, 0xB0, 0x96, 0xCB, 0x1F, 0x18, 0x3E, 0xFC, 0xFA, 0x87, 0xD5, 0x51, 0x93, 0x6F, 0x7E, 0x42, 0x16, 0xFA, 0x00, 0x2A, 0x6C, 0x99, 0x80, 0xC4, 0x07, 0x68, 0xE9, 0x4B, 0x53, 0x00, 0x72, 0x94, 0xD9, 0xF6, 0x67, 0xE0, 0x5C, 0x78, 0x08, 0x54, 0x4C, 0x00, 0x31, 0xC8, 0xB1, 0x6E, 0x7B, 0x5F, 0xA0, 0x2B, 0x5D, 0x80, 0x5C, 0x8E, 0x81, 0x72, 0xE6, 0xF9, 0x41, 0x90, 0xDC, 0x40, 0x81, 0xA4, 0x08, 0x0A, 0x2C, 0x70, 0x1A, 0x03, 0x32, 0x40, 0xD1, 0x99, 0x38, 0x08, 0x1C, 0x96, 0x08, 0x8D, 0x41, 0x8C, 0xBA, 0x12, 0x54, 0x03, 0xF4, 0xD3, 0xAB, 0x08, 0x41, 0x0B, 0x29, 0x47, 0x68, 0x00, 0x31, 0xC0, 0xCA, 0x31, 0x38, 0x00, 0x4A, 0x80, 0xE2, 0xD7, 0x10, 0x1A, 0xCF, 0x1F, 0xE8, 0xE4, 0xA0, 0x46, 0x68, 0xF4, 0x5D, 0x60, 0x18, 0x05, 0xA3, 0x60, 0x14, 0x30, 0x30, 0x00, 0x04, 0x18, 0x00, 0x19, 0x0E, 0x6D, 0x5D, 0x14, 0x5A, 0x8B, 0x39, 0x00, 0x00, 0x00, 0x00, 0x49, 0x45, 0x4E, 0x44, 0xAE, 0x42, 0x60, 0x82" },
    { "button_radio_off": "0x89, 0x50, 0x4E, 0x47, 0x0D, 0x0A, 0x1A, 0x0A, 0x00, 0x00, 0x00, 0x0D, 0x49, 0x48, 0x44, 0x52, 0x00, 0x00, 0x00, 0x18, 0x00, 0x00, 0x00, 0x18, 0x08, 0x06, 0x00, 0x00, 0x00, 0xE0, 0x77, 0x3D, 0xF8, 0x00, 0x00, 0x00, 0x19, 0x74, 0x45, 0x58, 0x74, 0x53, 0x6F, 0x66, 0x74, 0x77, 0x61, 0x72, 0x65, 0x00, 0x41, 0x64, 0x6F, 0x62, 0x65, 0x20, 0x49, 0x6D, 0x61, 0x67, 0x65, 0x52, 0x65, 0x61, 0x64, 0x79, 0x71, 0xC9, 0x65, 0x3C, 0x00, 0x00, 0x01, 0x47, 0x49, 0x44, 0x41, 0x54, 0x78, 0xDA, 0xDC, 0x55, 0x81, 0xAD, 0x82, 0x40, 0x0C, 0x45, 0x26, 0x70, 0x04, 0x37, 0x10, 0xE3, 0x00, 0x3A, 0x02, 0x4E, 0x20, 0x4E, 0x20, 0x4E, 0x60, 0x9C, 0x40, 0x9C, 0x00, 0x36, 0x80, 0x11, 0x74, 0x00, 0x03, 0x6E, 0xC0, 0x08, 0x6E, 0xA0, 0xEF, 0x92, 0x47, 0xAC, 0xE7, 0xC9, 0x79, 0x10, 0x4D, 0xFE, 0xBF, 0xE4, 0xA5, 0x09, 0xF4, 0xFA, 0xDA, 0xD2, 0x3E, 0x3C, 0xEF, 0xAF, 0x9F, 0x81, 0xCD, 0xA1, 0xBC, 0x9C, 0x87, 0x30, 0x21, 0x30, 0x03, 0x46, 0xE2, 0x55, 0x05, 0x9C, 0x26, 0xE3, 0x69, 0xD1, 0x89, 0x80, 0x81, 0xB7, 0x40, 0x6C, 0xC9, 0xE1, 0x0A, 0xEC, 0x40, 0x94, 0x7C, 0x4C, 0x80, 0xE0, 0x01, 0x4C, 0x0A, 0x28, 0x5B, 0x03, 0x07, 0xA0, 0x40, 0x90, 0x5A, 0xF3, 0x59, 0x02, 0x11, 0xA0, 0x92, 0x51, 0x95, 0xAC, 0xE0, 0x73, 0x6D, 0x25, 0xC0, 0x45, 0xD5, 0x86, 0x92, 0x97, 0x32, 0x60, 0xA3, 0x5F, 0x32, 0xF8, 0xE7, 0x4C, 0xA6, 0x82, 0xEF, 0xC4, 0xD6, 0xF3, 0x12, 0xB8, 0x01, 0xB1, 0xCB, 0xC7, 0x84, 0x7F, 0xCE, 0x7B, 0x7B, 0xF9, 0xDC, 0xD7, 0x9C, 0x22, 0x66, 0x52, 0xBC, 0xEB, 0x69, 0xCB, 0x59, 0xB1, 0x9D, 0x31, 0xAB, 0x7A, 0x25, 0xC0, 0x59, 0xD3, 0x6E, 0x5C, 0xC7, 0x91, 0x6D, 0xDC, 0x69, 0x71, 0x1E, 0x04, 0x64, 0x0D, 0xF4, 0x8F, 0xE9, 0x48, 0x92, 0x71, 0xAA, 0x42, 0x53, 0x05, 0x01, 0xED, 0xA9, 0xE7, 0x6E, 0x1D, 0xD5, 0xBE, 0x70, 0xCC, 0x8D, 0x04, 0x55, 0x4F, 0x82, 0x8B, 0x8C, 0xE7, 0x7F, 0x5B, 0x2A, 0x7C, 0x6D, 0xF5, 0x65, 0x25, 0x5D, 0xCF, 0x58, 0xC6, 0x33, 0x11, 0xCC, 0x7A, 0x12, 0xCC, 0xD5, 0xB8, 0x36, 0xCB, 0xE9, 0x8B, 0x09, 0xA8, 0x49, 0x12, 0xCA, 0x39, 0x76, 0x5C, 0xB6, 0x46, 0x36, 0x8E, 0xEF, 0xF6, 0xE0, 0x40, 0xBB, 0xEF, 0x10, 0xBC, 0x11, 0x47, 0x4F, 0xEC, 0xC3, 0x33, 0x01, 0xE7, 0xB8, 0xA9, 0x22, 0x76, 0xE4, 0x48, 0x29, 0xE7, 0x89, 0xDC, 0x23, 0x9B, 0xD8, 0x25, 0x94, 0x62, 0x9B, 0xD8, 0xA5, 0xEC, 0xFD, 0x8B, 0xD8, 0xB5, 0xC9, 0x75, 0xCE, 0x8C, 0x3E, 0x95, 0x6B, 0xD5, 0xF7, 0x85, 0x55, 0xAE, 0x7F, 0xF2, 0xC3, 0x31, 0x10, 0x45, 0x1C, 0xDF, 0xA1, 0x78, 0x55, 0xF3, 0x97, 0x99, 0x79, 0xFF, 0xFA, 0xDC, 0x05, 0x18, 0x00, 0x81, 0x7F, 0x90, 0x28, 0x2C, 0x88, 0xFF, 0x24, 0x00, 0x00, 0x00, 0x00, 0x49, 0x45, 0x4E, 0x44, 0xAE, 0x42, 0x60, 0x82" },
    { "button_radio_on": "0x89, 0x50, 0x4E, 0x47, 0x0D, 0x0A, 0x1A, 0x0A, 0x00, 0x00, 0x00, 0x0D, 0x49, 0x48, 0x44, 0x52, 0x00, 0x00, 0x00, 0x18, 0x00, 0x00, 0x00, 0x18, 0x08, 0x06, 0x00, 0x00, 0x00, 0xE0, 0x77, 0x3D, 0xF8, 0x00, 0x00, 0x00, 0x19, 0x74, 0x45, 0x58, 0x74, 0x53, 0x6F, 0x66, 0x74, 0x77, 0x61, 0x72, 0x65, 0x00, 0x41, 0x64, 0x6F, 0x62, 0x65, 0x20, 0x49, 0x6D, 0x61, 0x67, 0x65, 0x52, 0x65, 0x61, 0x64, 0x79, 0x71, 0xC9, 0x65, 0x3C, 0x00, 0x00, 0x01, 0x93, 0x49, 0x44, 0x41, 0x54, 0x78, 0xDA, 0xD4, 0x55, 0x4B, 0x52, 0xC2, 0x40, 0x10, 0x0D, 0x39, 0x01, 0x4B, 0x97, 0x78, 0x02, 0x48, 0x79, 0x00, 0xF0, 0x04, 0xEA, 0xDA, 0x4D, 0x38, 0x01, 0x78, 0x02, 0xE0, 0x04, 0xE8, 0x09, 0x80, 0x85, 0xEB, 0xE0, 0x09, 0x0C, 0x07, 0xB0, 0x12, 0x4E, 0x40, 0x96, 0x2E, 0x73, 0x03, 0xED, 0x97, 0x7A, 0xA3, 0x4D, 0x9C, 0x99, 0x44, 0xAB, 0x28, 0x8B, 0xAE, 0xEA, 0x9A, 0xD4, 0x7C, 0xFA, 0x75, 0xBF, 0xFE, 0x24, 0x08, 0xCE, 0x5D, 0x3A, 0x6D, 0x2E, 0x65, 0xFB, 0xB7, 0x5B, 0x59, 0x86, 0xA2, 0x03, 0xB5, 0x5D, 0x88, 0xEE, 0x44, 0xB7, 0x51, 0xFF, 0xAA, 0xFC, 0x13, 0x80, 0x18, 0x9E, 0xCA, 0x32, 0x13, 0xED, 0x36, 0xF8, 0xF0, 0x28, 0xBA, 0xB0, 0x01, 0x75, 0x1C, 0x86, 0x61, 0x70, 0x25, 0x0A, 0xCF, 0xF1, 0x68, 0x2D, 0xBA, 0x11, 0x03, 0xB9, 0xBA, 0xD3, 0xE3, 0xF9, 0x44, 0x14, 0xDF, 0x38, 0x1B, 0xEB, 0x3B, 0x3E, 0x80, 0x8C, 0x74, 0xE0, 0xF2, 0x9D, 0x3C, 0x2A, 0x3C, 0x51, 0xC2, 0x99, 0xA5, 0x68, 0x4C, 0x67, 0x22, 0xDF, 0x7D, 0x3C, 0x58, 0x8A, 0x7E, 0x88, 0x26, 0xBF, 0x49, 0x26, 0xE8, 0xE4, 0xBB, 0xCC, 0x19, 0x01, 0xC3, 0x3E, 0x30, 0x81, 0x91, 0xE6, 0xF4, 0xE2, 0xF9, 0x00, 0x0F, 0x6F, 0x54, 0x3E, 0x5E, 0x40, 0xDD, 0xFB, 0xFD, 0x65, 0xA9, 0xDE, 0x27, 0xA4, 0x0D, 0x54, 0x81, 0xD6, 0x20, 0xAC, 0x39, 0x32, 0xE1, 0xBA, 0xA8, 0x19, 0x5F, 0xA9, 0x9C, 0x8C, 0xA8, 0xA0, 0xE5, 0x55, 0xCE, 0x74, 0x01, 0x3C, 0xD4, 0xEC, 0xFC, 0x00, 0xA8, 0x92, 0x6A, 0xD0, 0x69, 0x7C, 0x4E, 0x7E, 0x6D, 0x82, 0x3C, 0x7D, 0x51, 0x49, 0xEE, 0xB7, 0xD8, 0x27, 0x1B, 0xDF, 0x00, 0x4C, 0x16, 0x36, 0x53, 0x47, 0x54, 0x2E, 0x19, 0x89, 0x13, 0xBA, 0x3F, 0x76, 0x0A, 0xFC, 0x28, 0x02, 0x73, 0x69, 0xAF, 0xBC, 0x1F, 0xB4, 0xE8, 0x81, 0x80, 0x94, 0x19, 0xC9, 0x5D, 0x00, 0x27, 0x91, 0xD0, 0x82, 0xDC, 0x37, 0x1B, 0x52, 0x21, 0x39, 0x6B, 0xBB, 0x49, 0x52, 0x0B, 0x13, 0xF9, 0x11, 0x00, 0xAB, 0xA6, 0xA8, 0x85, 0x0B, 0x79, 0x6A, 0x32, 0x4E, 0x47, 0x8C, 0x0C, 0xAD, 0x00, 0x14, 0x54, 0x40, 0x57, 0x12, 0x1E, 0xAB, 0x28, 0xE6, 0x1C, 0x15, 0x36, 0xA9, 0x3A, 0xDD, 0x32, 0x3E, 0x0A, 0xD3, 0xCD, 0xA1, 0xC3, 0xDB, 0x19, 0xAB, 0xCA, 0x80, 0x8C, 0xD1, 0x3C, 0x74, 0x20, 0xA5, 0xA2, 0xE6, 0xAF, 0x75, 0xA3, 0xB1, 0x37, 0xAA, 0x3E, 0xFA, 0x9F, 0x51, 0x61, 0x19, 0x76, 0x29, 0xDB, 0xBE, 0x69, 0xD8, 0x61, 0xA4, 0x4F, 0x6D, 0xC3, 0xCE, 0x37, 0xAE, 0x13, 0x26, 0xBC, 0xED, 0xB8, 0x2E, 0x38, 0x79, 0x9B, 0xC7, 0xF5, 0xC9, 0x7F, 0x38, 0x16, 0xA0, 0x98, 0xE5, 0xD7, 0x53, 0xDB, 0x25, 0xC7, 0xC2, 0xDA, 0xF7, 0xCB, 0x3C, 0x7F, 0xF9, 0x14, 0x60, 0x00, 0xAE, 0x3A, 0xC8, 0x2E, 0x76, 0xFA, 0x45, 0x61, 0x00, 0x00, 0x00, 0x00, 0x49, 0x45, 0x4E, 0x44, 0xAE, 0x42, 0x60, 0x82" }
  ]
}