{
  "controls": [
    {
      "type": "window",
      "background": "#fffffe",
      "border": "#9a9a9a",
      "border_width": 1,
      "text": "#191914",
      "caption_font": {
        "name": "Segoe UI",
        "size": 18
      }
    },
    {
      "type": "text",
      "color": "#191914",
      "font": {
        "name": "Segoe UI",
        "size": 18
      }
    },
    {
      "type": "image",
      "resource": "IMAGES_LIGHT",
      "path": "."
    },
    {
      "type": "button",
      "calm": "#06a5df",
      "active": "#1aafe9",
      "border": "#00a0d2",
      "border_width": 1,
      "focused_border": "#140a14",
      "text": "#181818",
      "disabled": "#cdcdc8",
      "anchor": "#0066cc",
      "round": 0,
      "focusing": 1,
      "font": {
        "name": "Segoe UI",
        "size": 18
      }
    },
    {
      "type": "tool_button",
      "calm": "#fffffe",
      "active": "#dcdcdc",
      "border_width": 0,
      "text": "#181818",
      "disabled": "#fffffe",
      "round": 0,
      "focusing": 0,
      "font": {
        "name": "Segoe UI",
        "size": 18
      }
    },
    {
      "type": "red_tool_button",
      "calm": "#fffffe",
      "active": "#eb0f14",
      "border_width": 0,
      "text": "#181818",
      "disabled": "#fffffe",
      "round": 0,
      "focusing": 0,
      "font": {
        "name": "Segoe UI",
        "size": 18
      }
    },
    {
      "type": "input",
      "background": "#fcfcfc",
      "text": "#191914",
      "selection": "#99c9ef",
      "cursor": "#141414",
      "border": "#28788c",
      "border_width": 1,
      "focused_border": "#140a14",
      "round": 0,
      "font": {
        "name": "Segoe UI",
        "size": 18
      }
    },
    {
      "type": "select",
      "background": "#fcfcfc",
      "border": "#28788c",
      "border_width": 1,
      "focused_border": "#140a14",
      "button_calm": "#06a5df",
      "button_active": "#1aafe9",
      "text": "#191914",
      "scrollbar": "#e8e8ec",
      "scrollbar_slider": "#c2c3c9",
      "scrollbar_slider_active": "#686868",
      "selected_item": "#9e9e9e",
      "active_item": "#bfbfbf",
      "round": 0,
      "font": {
        "name": "Segoe UI",
        "size": 18
      }
    },
    {
      "type": "list",
      "background": "#fcfcfc",
      "border": "#9a9a9a",
      "focused_border": "#140a14",
      "border_width": 1,
      "title": "#eeeef2",
      "title_text": "#191914",
      "scrollbar": "#e8e8ec",
      "scrollbar_slider": "#c2c3c9",
      "scrollbar_slider_active": "#686868",
      "selected_item": "#90c8f6",
      "active_item": "#f0f0f0",
      "round": 0,
      "font": {
        "name": "Segoe UI",
        "size": 18
      }
    },
    {
      "type": "menu",
      "background": "#f0f0f0",
      "border": "#9ba7b7",
      "border_width": 1,
      "text": "#1b293e",
      "disabled_text": "#4c5461",
      "scrollbar": "#e8e8ec",
      "scrollbar_slider": "#c2c3c9",
      "scrollbar_slider_active": "#686868",
      "selected_item": "#90c8f6",
      "round": 0,
      "font": {
        "name": "Segoe UI",
        "size": 18
      }
    },
    {
      "type": "tooltip",
      "background": "#f1f2f7",
      "border": "#767676",
      "border_width": 1,
      "text": "#061912",
      "round": 0,
      "text_indent": 3,
      "font": {
        "name": "Segoe UI",
        "size": 16
      }
    },
    {
      "type": "splitter",
      "calm": "#eeeef2",
      "active": "#777779"
    },
    {
      "type": "progress",
      "border": "#28788c",
      "border_width": 1,
      "background": "#fcfcfc",
      "meter": "#8dd28a"
    },
    {
      "type": "slider",
      "perform": "#0078d7",
      "remain": "#999999",
      "active": "#171717",
      "slider_width": 8,
      "slider_height": 24,
      "slider_round": 5
    },
    {
      "type": "panel",
      "background": "#131519"
    }
  ],
  "images": [
    { "window_close": "0x89, 0x50, 0x4E, 0x47, 0x0D, 0x0A, 0x1A, 0x0A, 0x00, 0x00, 0x00, 0x0D, 0x49, 0x48, 0x44, 0x52, 0x00, 0x00, 0x00, 0x19, 0x00, 0x00, 0x00, 0x19, 0x08, 0x06, 0x00, 0x00, 0x00, 0xC4, 0xE9, 0x85, 0x63, 0x00, 0x00, 0x00, 0x09, 0x70, 0x48, 0x59, 0x73, 0x00, 0x00, 0x0B, 0x13, 0x00, 0x00, 0x0B, 0x13, 0x01, 0x00, 0x9A, 0x9C, 0x18, 0x00, 0x00, 0x00, 0x19, 0x74, 0x45, 0x58, 0x74, 0x53, 0x6F, 0x66, 0x74, 0x77, 0x61, 0x72, 0x65, 0x00, 0x41, 0x64, 0x6F, 0x62, 0x65, 0x20, 0x49, 0x6D, 0x61, 0x67, 0x65, 0x52, 0x65, 0x61, 0x64, 0x79, 0x71, 0xC9, 0x65, 0x3C, 0x00, 0x00, 0x00, 0xD7, 0x49, 0x44, 0x41, 0x54, 0x78, 0xDA, 0x62, 0xFC, 0xFF, 0xFF, 0x3F, 0x03, 0xAD, 0x01, 0x13, 0x03, 0x1D, 0xC0, 0xA8, 0x25, 0xA3, 0x96, 0x60, 0x02, 0x63, 0x53, 0xA3, 0x73, 0x40, 0x1C, 0x4E, 0x40, 0x4D, 0x1D, 0x10, 0x4F, 0xA1, 0xC4, 0x27, 0x6F, 0x80, 0x78, 0x39, 0x2E, 0x8B, 0x40, 0x16, 0x00, 0xA9, 0x4A, 0x20, 0x7E, 0x85, 0xD7, 0x14, 0x50, 0x66, 0xC4, 0x87, 0x8D, 0x4C, 0x0C, 0x8F, 0x00, 0xF1, 0x3F, 0x20, 0x0E, 0x47, 0x13, 0xAF, 0x03, 0xE2, 0xEF, 0x20, 0x9A, 0x90, 0x19, 0x04, 0x2D, 0xC1, 0x66, 0x11, 0xD4, 0x82, 0x9F, 0xC4, 0x58, 0x00, 0xC2, 0x8C, 0xC4, 0x16, 0x2B, 0xC0, 0xA0, 0x39, 0x02, 0xA4, 0xAC, 0x80, 0x78, 0x13, 0x10, 0xFB, 0x03, 0x71, 0xFD, 0xD9, 0xD3, 0xE7, 0x9A, 0x88, 0xD1, 0xCB, 0x48, 0x4A, 0xD9, 0x05, 0xB4, 0xE8, 0x09, 0x90, 0x92, 0x06, 0xE2, 0x85, 0x40, 0x0B, 0x12, 0xA8, 0x9E, 0x84, 0x81, 0x16, 0xCC, 0x81, 0x5A, 0xF0, 0x10, 0x88, 0x63, 0x80, 0x7C, 0x5B, 0xAA, 0x5A, 0x02, 0xB5, 0x20, 0x19, 0x1A, 0x44, 0x0A, 0x40, 0xFA, 0x04, 0x10, 0xEF, 0x24, 0xD6, 0x22, 0x26, 0x12, 0x2D, 0x00, 0xC7, 0x01, 0x90, 0xB6, 0x01, 0x52, 0xA0, 0x38, 0xDA, 0x46, 0x8C, 0x45, 0x4C, 0xA4, 0x5A, 0x00, 0x03, 0x40, 0xBE, 0x1B, 0x90, 0x3A, 0x4E, 0x8C, 0x45, 0x84, 0x7C, 0x12, 0x86, 0x2F, 0x15, 0x21, 0x59, 0xD4, 0x4E, 0xB5, 0xD4, 0x35, 0x5A, 0x0A, 0x8F, 0x5A, 0x32, 0xF8, 0x2C, 0x01, 0x08, 0x30, 0x00, 0x49, 0x6F, 0xC7, 0x7E, 0x6E, 0x7E, 0x2B, 0x1F, 0x00, 0x00, 0x00, 0x00, 0x49, 0x45, 0x4E, 0x44, 0xAE, 0x42, 0x60, 0x82" },
    { "window_expand": "0x89, 0x50, 0x4E, 0x47, 0x0D, 0x0A, 0x1A, 0x0A, 0x00, 0x00, 0x00, 0x0D, 0x49, 0x48, 0x44, 0x52, 0x00, 0x00, 0x00, 0x19, 0x00, 0x00, 0x00, 0x19, 0x08, 0x06, 0x00, 0x00, 0x00, 0xC4, 0xE9, 0x85, 0x63, 0x00, 0x00, 0x00, 0x09, 0x70, 0x48, 0x59, 0x73, 0x00, 0x00, 0x0B, 0x13, 0x00, 0x00, 0x0B, 0x13, 0x01, 0x00, 0x9A, 0x9C, 0x18, 0x00, 0x00, 0x00, 0x19, 0x74, 0x45, 0x58, 0x74, 0x53, 0x6F, 0x66, 0x74, 0x77, 0x61, 0x72, 0x65, 0x00, 0x41, 0x64, 0x6F, 0x62, 0x65, 0x20, 0x49, 0x6D, 0x61, 0x67, 0x65, 0x52, 0x65, 0x61, 0x64, 0x79, 0x71, 0xC9, 0x65, 0x3C, 0x00, 0x00, 0x00, 0x6E, 0x49, 0x44, 0x41, 0x54, 0x78, 0xDA, 0x62, 0xFC, 0xFF, 0xFF, 0x3F, 0x03, 0xAD, 0x01, 0x13, 0x03, 0x1D, 0xC0, 0xA8, 0x25, 0x23, 0xD4, 0x12, 0x16, 0x6C, 0x82, 0xC6, 0xA6, 0x46, 0x09, 0x40, 0x4A, 0x81, 0x54, 0xC3, 0xCE, 0x9E, 0x3E, 0xD7, 0x40, 0xB4, 0x25, 0x40, 0x00, 0xB2, 0xC4, 0x9E, 0x0C, 0x47, 0x93, 0x64, 0x09, 0x08, 0x1C, 0x04, 0xBA, 0xCC, 0x81, 0x18, 0x93, 0x81, 0x3E, 0x07, 0x19, 0x5E, 0x3F, 0x9A, 0xBA, 0x46, 0x2D, 0x19, 0x24, 0x99, 0x11, 0x0A, 0x04, 0x80, 0x49, 0xD3, 0x81, 0x48, 0x73, 0x14, 0xC8, 0xB5, 0x44, 0x1F, 0x88, 0xF7, 0xD3, 0xD2, 0x27, 0x05, 0x20, 0x9F, 0x50, 0x2B, 0xB8, 0x18, 0x47, 0xAB, 0xDF, 0x51, 0x4B, 0x68, 0x06, 0x00, 0x02, 0x0C, 0x00, 0xE2, 0x89, 0x12, 0xCE, 0x4E, 0x9A, 0xC6, 0x7B, 0x00, 0x00, 0x00, 0x00, 0x49, 0x45, 0x4E, 0x44, 0xAE, 0x42, 0x60, 0x82" },
    { "window_normal": "0x89, 0x50, 0x4E, 0x47, 0x0D, 0x0A, 0x1A, 0x0A, 0x00, 0x00, 0x00, 0x0D, 0x49, 0x48, 0x44, 0x52, 0x00, 0x00, 0x00, 0x19, 0x00, 0x00, 0x00, 0x19, 0x08, 0x06, 0x00, 0x00, 0x00, 0xC4, 0xE9, 0x85, 0x63, 0x00, 0x00, 0x00, 0x09, 0x70, 0x48, 0x59, 0x73, 0x00, 0x00, 0x0B, 0x13, 0x00, 0x00, 0x0B, 0x13, 0x01, 0x00, 0x9A, 0x9C, 0x18, 0x00, 0x00, 0x00, 0x19, 0x74, 0x45, 0x58, 0x74, 0x53, 0x6F, 0x66, 0x74, 0x77, 0x61, 0x72, 0x65, 0x00, 0x41, 0x64, 0x6F, 0x62, 0x65, 0x20, 0x49, 0x6D, 0x61, 0x67, 0x65, 0x52, 0x65, 0x61, 0x64, 0x79, 0x71, 0xC9, 0x65, 0x3C, 0x00, 0x00, 0x00, 0xAE, 0x49, 0x44, 0x41, 0x54, 0x78, 0xDA, 0x62, 0xFC, 0xFF, 0xFF, 0x3F, 0x03, 0xAD, 0x01, 0x13, 0x03, 0x1D, 0xC0, 0xA8, 0x25, 0x83, 0xCF, 0x12, 0x16, 0x62, 0x14, 0x19, 0x9B, 0x1A, 0x29, 0x00, 0x29, 0x05, 0x22, 0x94, 0x5E, 0x38, 0x7B, 0xFA, 0xDC, 0x07, 0xB2, 0x2C, 0x01, 0x82, 0x04, 0x20, 0xAE, 0x27, 0x42, 0x9D, 0x23, 0x10, 0x1F, 0x20, 0xD7, 0x12, 0x64, 0x43, 0xB0, 0x01, 0x03, 0x20, 0xEE, 0xA7, 0x28, 0xB8, 0x60, 0x00, 0x18, 0x14, 0x07, 0x70, 0x04, 0xE7, 0x20, 0x8D, 0x78, 0xA0, 0xCB, 0xD0, 0x5D, 0xAC, 0x80, 0x45, 0x1C, 0x14, 0xC9, 0x05, 0x94, 0xA4, 0x2E, 0x7B, 0x20, 0x7E, 0x08, 0xC4, 0x0F, 0xA0, 0xFC, 0x07, 0x48, 0x6C, 0x58, 0x1C, 0x50, 0x25, 0x09, 0x2F, 0x00, 0xBA, 0xB4, 0x01, 0x87, 0x4F, 0x2F, 0x80, 0x1C, 0x02, 0xA4, 0xFF, 0x53, 0x2D, 0x9F, 0x60, 0x01, 0x3F, 0xA0, 0x3E, 0x5D, 0x80, 0x26, 0xFE, 0x80, 0xDA, 0x96, 0x3C, 0xC0, 0xE5, 0xD3, 0x41, 0x57, 0xAC, 0x38, 0x00, 0xC3, 0x1C, 0x97, 0x4B, 0x15, 0x70, 0x05, 0x0D, 0xA9, 0x96, 0xD8, 0x43, 0x31, 0x2E, 0x40, 0xB4, 0x25, 0x8C, 0xA3, 0xD5, 0xEF, 0xA8, 0x25, 0x34, 0x03, 0x00, 0x01, 0x06, 0x00, 0x20, 0x29, 0x2E, 0xE2, 0x07, 0x0D, 0x95, 0x2C, 0x00, 0x00, 0x00, 0x00, 0x49, 0x45, 0x4E, 0x44, 0xAE, 0x42, 0x60, 0x82" },
    { "window_minimize": "0x89, 0x50, 0x4E, 0x47, 0x0D, 0x0A, 0x1A, 0x0A, 0x00, 0x00, 0x00, 0x0D, 0x49, 0x48, 0x44, 0x52, 0x00, 0x00, 0x00, 0x18, 0x00, 0x00, 0x00, 0x18, 0x08, 0x06, 0x00, 0x00, 0x00, 0xE0, 0x77, 0x3D, 0xF8, 0x00, 0x00, 0x00, 0x19, 0x74, 0x45, 0x58, 0x74, 0x53, 0x6F, 0x66, 0x74, 0x77, 0x61, 0x72, 0x65, 0x00, 0x41, 0x64, 0x6F, 0x62, 0x65, 0x20, 0x49, 0x6D, 0x61, 0x67, 0x65, 0x52, 0x65, 0x61, 0x64, 0x79, 0x71, 0xC9, 0x65, 0x3C, 0x00, 0x00, 0x00, 0x3B, 0x49, 0x44, 0x41, 0x54, 0x78, 0xDA, 0x62, 0x66, 0xA0, 0x31, 0x60, 0x1E, 0xB5, 0x60, 0xD4, 0x82, 0x51, 0x0B, 0x46, 0x2D, 0x18, 0xB5, 0x60, 0x28, 0x58, 0xC0, 0x88, 0x4F, 0xD2, 0xC8, 0xC4, 0xB0, 0x1F, 0x48, 0x19, 0x10, 0x69, 0xD6, 0xC2, 0x73, 0x67, 0xCE, 0x2F, 0x40, 0x17, 0x64, 0x62, 0x18, 0xEA, 0x60, 0x34, 0x15, 0x8D, 0x00, 0x0B, 0x00, 0x02, 0x0C, 0x00, 0x2F, 0x58, 0x05, 0x43, 0x28, 0xEB, 0x22, 0x31, 0x00, 0x00, 0x00, 0x00, 0x49, 0x45, 0x4E, 0x44, 0xAE, 0x42, 0x60, 0x82" },
    { "window_pin": "0x89, 0x50, 0x4E, 0x47, 0x0D, 0x0A, 0x1A, 0x0A, 0x00, 0x00, 0x00, 0x0D, 0x49, 0x48, 0x44, 0x52, 0x00, 0x00, 0x00, 0x18, 0x00, 0x00, 0x00, 0x18, 0x08, 0x06, 0x00, 0x00, 0x00, 0xE0, 0x77, 0x3D, 0xF8, 0x00, 0x00, 0x00, 0x19, 0x74, 0x45, 0x58, 0x74, 0x53, 0x6F, 0x66, 0x74, 0x77, 0x61, 0x72, 0x65, 0x00, 0x41, 0x64, 0x6F, 0x62, 0x65, 0x20, 0x49, 0x6D, 0x61, 0x67, 0x65, 0x52, 0x65, 0x61, 0x64, 0x79, 0x71, 0xC9, 0x65, 0x3C, 0x00, 0x00, 0x00, 0xFD, 0x49, 0x44, 0x41, 0x54, 0x78, 0xDA, 0xEC, 0x54, 0xC1, 0x0D, 0x82, 0x40, 0x10, 0x44, 0xC3, 0x5F, 0x3A, 0x10, 0x3A, 0x00, 0xE3, 0x1F, 0xA9, 0x40, 0x4A, 0x80, 0x0A, 0x94, 0x12, 0xAC, 0xC0, 0x12, 0x88, 0x15, 0x68, 0x07, 0xE8, 0xDF, 0xC8, 0x75, 0xA0, 0x76, 0x70, 0x25, 0x38, 0x97, 0x8C, 0x09, 0x39, 0x2F, 0x02, 0x27, 0x2F, 0xC3, 0x26, 0x93, 0x25, 0xCB, 0xED, 0xEC, 0xEE, 0xDC, 0x82, 0xE3, 0x8C, 0xF6, 0xF7, 0x36, 0xB1, 0x49, 0x5A, 0x2C, 0xA3, 0x0C, 0x2E, 0x06, 0x8A, 0xDB, 0xB5, 0x96, 0xDF, 0xCE, 0x4E, 0x2D, 0x1B, 0x3B, 0x03, 0x29, 0x70, 0x47, 0xB1, 0x70, 0xD0, 0x02, 0x20, 0xF4, 0xE0, 0x8E, 0xC0, 0x09, 0xC8, 0x81, 0x0A, 0xB1, 0x74, 0x10, 0x89, 0x48, 0x5E, 0x01, 0x02, 0xD2, 0xE4, 0x8C, 0x85, 0x8C, 0x25, 0x88, 0x89, 0xDE, 0x05, 0x40, 0xE0, 0x53, 0x0E, 0x45, 0xBE, 0x6E, 0x92, 0x37, 0xCE, 0x94, 0x70, 0x2B, 0xC4, 0x83, 0x5E, 0x12, 0x21, 0x71, 0x0F, 0x57, 0x03, 0x73, 0x86, 0x0E, 0x06, 0xF2, 0x8C, 0x0D, 0x48, 0x3C, 0x6F, 0x75, 0x0E, 0xB7, 0x65, 0x00, 0xD5, 0xF5, 0x03, 0xD8, 0x99, 0xB6, 0x85, 0xE4, 0xAA, 0x89, 0x84, 0xE7, 0x1C, 0x1B, 0x89, 0xD4, 0xF8, 0x21, 0x35, 0x96, 0x26, 0x72, 0x93, 0xF6, 0x9D, 0xB7, 0x88, 0x92, 0x08, 0x6E, 0x8B, 0xD7, 0x78, 0x15, 0x73, 0x32, 0x31, 0xC4, 0x9A, 0x5E, 0x00, 0x5F, 0x2B, 0xF2, 0xA4, 0x84, 0xCE, 0x4F, 0x05, 0x28, 0xC5, 0x06, 0x08, 0xB4, 0x49, 0x66, 0xEA, 0x62, 0xDB, 0xF2, 0xDD, 0x8E, 0xE4, 0x6F, 0xFD, 0x73, 0xDE, 0x49, 0xC5, 0x89, 0x22, 0xEB, 0x7F, 0x91, 0x81, 0x5C, 0xBF, 0x78, 0x89, 0x78, 0x61, 0x55, 0x80, 0x5F, 0x67, 0x69, 0x22, 0x1F, 0x6D, 0xB4, 0x0F, 0x7B, 0x09, 0x30, 0x00, 0x07, 0x20, 0x60, 0xA0, 0xA2, 0xF6, 0x1D, 0x8A, 0x00, 0x00, 0x00, 0x00, 0x49, 0x45, 0x4E, 0x44, 0xAE, 0x42, 0x60, 0x82" },
    { "window_switch_theme": "0x89, 0x50, 0x4E, 0x47, 0x0D, 0x0A, 0x1A, 0x0A, 0x00, 0x00, 0x00, 0x0D, 0x49, 0x48, 0x44, 0x52, 0x00, 0x00, 0x00, 0x18, 0x00, 0x00, 0x00, 0x18, 0x08, 0x06, 0x00, 0x00, 0x00, 0xE0, 0x77, 0x3D, 0xF8, 0x00, 0x00, 0x00, 0x19, 0x74, 0x45, 0x58, 0x74, 0x53, 0x6F, 0x66, 0x74, 0x77, 0x61, 0x72, 0x65, 0x00, 0x41, 0x64, 0x6F, 0x62, 0x65, 0x20, 0x49, 0x6D, 0x61, 0x67, 0x65, 0x52, 0x65, 0x61, 0x64, 0x79, 0x71, 0xC9, 0x65, 0x3C, 0x00, 0x00, 0x01, 0x60, 0x49, 0x44, 0x41, 0x54, 0x78, 0xDA, 0xEC, 0x54, 0xBD, 0x92, 0x01, 0x41, 0x10, 0xDE, 0xFB, 0x09, 0x84, 0x84, 0x24, 0xEE, 0xDE, 0xC0, 0x29, 0x81, 0xEC, 0xD6, 0x13, 0xE0, 0x09, 0xB8, 0x27, 0xC0, 0x13, 0xE0, 0x09, 0x10, 0x49, 0x6D, 0x26, 0xB3, 0x32, 0x21, 0xB9, 0x62, 0x43, 0xD9, 0x89, 0xEE, 0x84, 0x7B, 0xD9, 0x85, 0xBE, 0x4F, 0xF5, 0xAA, 0xA9, 0xA9, 0x1D, 0x76, 0x11, 0x08, 0x4C, 0xD5, 0x57, 0x5D, 0x3D, 0xD5, 0x33, 0x5F, 0xF7, 0x37, 0xDD, 0x63, 0x59, 0x8F, 0x75, 0xB7, 0x2B, 0x5F, 0xF8, 0xB0, 0x35, 0xBF, 0x02, 0x7C, 0x03, 0xB9, 0x38, 0xF7, 0x3C, 0x19, 0x2E, 0xEF, 0xC1, 0xD4, 0x81, 0x2E, 0x30, 0x02, 0xE8, 0x93, 0xD0, 0x5D, 0x2D, 0xD7, 0xAD, 0x38, 0x04, 0xCF, 0x86, 0xFD, 0x3F, 0xB1, 0x1E, 0x30, 0x01, 0x16, 0x80, 0x2F, 0x84, 0x61, 0x09, 0xBD, 0x01, 0xC9, 0xC8, 0x15, 0x28, 0x07, 0x3B, 0x72, 0x31, 0x89, 0xCA, 0x61, 0xD9, 0x8B, 0x94, 0xAC, 0x70, 0xCB, 0x04, 0x10, 0xE3, 0x45, 0xA9, 0xE0, 0x90, 0x15, 0xCC, 0x27, 0x0E, 0xF4, 0x45, 0x9E, 0x85, 0x21, 0x34, 0x29, 0x08, 0x7D, 0x9B, 0xD7, 0x13, 0x05, 0x54, 0x80, 0x81, 0xE2, 0xFB, 0x86, 0x38, 0x66, 0x3C, 0x27, 0x89, 0x9E, 0xFD, 0x39, 0x02, 0x4A, 0x52, 0x3A, 0xF7, 0x88, 0x88, 0xA1, 0x34, 0x5F, 0x71, 0x1F, 0x59, 0xCF, 0xD8, 0x33, 0x49, 0x70, 0x69, 0x17, 0x05, 0xDA, 0x06, 0x8B, 0x12, 0x94, 0x6F, 0x4D, 0xE0, 0x2B, 0x32, 0x1C, 0x3A, 0x89, 0xC3, 0x76, 0x4B, 0x82, 0xAD, 0x36, 0xB5, 0x9C, 0x81, 0x46, 0xDC, 0x49, 0x3E, 0x45, 0xE0, 0x00, 0x6D, 0xAD, 0x8A, 0x2A, 0x7B, 0x1E, 0x24, 0xF5, 0xAB, 0xBE, 0x0A, 0x65, 0x16, 0x38, 0xC5, 0x0E, 0x2E, 0x77, 0x95, 0x3D, 0xBE, 0x4D, 0x93, 0x33, 0x02, 0x4C, 0xA5, 0x01, 0x8E, 0x9D, 0xC7, 0x2F, 0x06, 0xF1, 0x29, 0x23, 0x81, 0x5C, 0xD0, 0x93, 0xC1, 0x72, 0xE5, 0xAB, 0xE0, 0x84, 0xCE, 0x43, 0xE2, 0x6C, 0xA5, 0xBB, 0xB2, 0x32, 0x3B, 0x2D, 0xC4, 0x8E, 0x82, 0xB8, 0x17, 0x9D, 0x20, 0x9D, 0x49, 0x27, 0x60, 0xC6, 0x7C, 0x03, 0x04, 0x4E, 0xE1, 0x33, 0xCB, 0x21, 0xEC, 0x3B, 0xE0, 0xFD, 0xFE, 0xEC, 0xFE, 0x19, 0x47, 0x0B, 0x6C, 0xB8, 0x07, 0xB7, 0x28, 0x64, 0x55, 0x9C, 0x99, 0x45, 0x92, 0x88, 0x19, 0x8A, 0xEE, 0x81, 0x4F, 0xDD, 0x6B, 0xCA, 0x5C, 0x58, 0x92, 0x3D, 0x2B, 0x19, 0xA8, 0x59, 0x3F, 0xD6, 0x7D, 0xAD, 0xBD, 0x00, 0x03, 0x00, 0xB9, 0xD4, 0x7B, 0x64, 0x68, 0x53, 0xD9, 0x11, 0x00, 0x00, 0x00, 0x00, 0x49, 0x45, 0x4E, 0x44, 0xAE, 0x42, 0x60, 0x82" },
    { "window_switch_lang": "0x89, 0x50, 0x4E, 0x47, 0x0D, 0x0A, 0x1A, 0x0A, 0x00, 0x00, 0x00, 0x0D, 0x49, 0x48, 0x44, 0x52, 0x00, 0x00, 0x00, 0x18, 0x00, 0x00, 0x00, 0x18, 0x08, 0x06, 0x00, 0x00, 0x00, 0xE0, 0x77, 0x3D, 0xF8, 0x00, 0x00, 0x00, 0x19, 0x74, 0x45, 0x58, 0x74, 0x53, 0x6F, 0x66, 0x74, 0x77, 0x61, 0x72, 0x65, 0x00, 0x41, 0x64, 0x6F, 0x62, 0x65, 0x20, 0x49, 0x6D, 0x61, 0x67, 0x65, 0x52, 0x65, 0x61, 0x64, 0x79, 0x71, 0xC9, 0x65, 0x3C, 0x00, 0x00, 0x02, 0x06, 0x49, 0x44, 0x41, 0x54, 0x78, 0xDA, 0xDC, 0x55, 0xBD, 0x52, 0xC2, 0x40, 0x10, 0x0E, 0x6A, 0x6F, 0x2C, 0xB1, 0x8A, 0x4F, 0x40, 0x70, 0x2C, 0xEC, 0xC0, 0x27, 0x30, 0x3E, 0x01, 0xFA, 0x04, 0x98, 0xD2, 0x0A, 0x78, 0x02, 0xA0, 0xB2, 0x14, 0x9E, 0x00, 0x7C, 0x82, 0x40, 0xEF, 0x98, 0xD0, 0xD9, 0x11, 0x1A, 0xA5, 0x33, 0x94, 0x76, 0x7E, 0xEB, 0x7C, 0xE7, 0xEC, 0x1C, 0x09, 0xC2, 0x58, 0xE9, 0xCE, 0xEC, 0xDC, 0xDD, 0x66, 0x6F, 0xBF, 0xFD, 0xBB, 0x8D, 0xE3, 0xFC, 0x75, 0x2A, 0xED, 0xA2, 0x7C, 0x7A, 0x56, 0xAD, 0xAB, 0x63, 0xFA, 0xFC, 0x14, 0xA7, 0xBF, 0x06, 0xA0, 0xD1, 0x26, 0x38, 0xA0, 0x68, 0xC0, 0xBD, 0x2B, 0x20, 0xE0, 0x21, 0xB8, 0x07, 0xB0, 0x2C, 0xEF, 0xFE, 0xDE, 0x06, 0xC3, 0x2E, 0x38, 0xC2, 0x36, 0xA2, 0x68, 0x0C, 0x0E, 0x61, 0xE8, 0x06, 0xAB, 0x70, 0x02, 0x9E, 0x80, 0x5B, 0xE0, 0x39, 0x74, 0x83, 0xAD, 0x23, 0x10, 0xE3, 0x58, 0x62, 0xB0, 0x47, 0x8F, 0x43, 0x39, 0xC3, 0xF8, 0x89, 0xD2, 0x99, 0x63, 0xB9, 0x20, 0x80, 0x44, 0x29, 0x11, 0xF4, 0xA1, 0x33, 0xD8, 0x26, 0x82, 0x88, 0xDE, 0x4D, 0xE8, 0x71, 0xC0, 0x08, 0x34, 0xF5, 0x45, 0xCE, 0xEF, 0x26, 0x55, 0x2D, 0xAB, 0x4E, 0xEB, 0x00, 0x50, 0x68, 0xD3, 0x73, 0x51, 0x9C, 0x52, 0x5C, 0x03, 0x3F, 0x5A, 0xAA, 0x09, 0xE5, 0x42, 0x1D, 0x46, 0x22, 0x91, 0x3F, 0x6C, 0x4C, 0x11, 0x43, 0xBF, 0x02, 0x8F, 0x18, 0x45, 0x5D, 0x15, 0x54, 0x83, 0x54, 0xF8, 0xCD, 0x80, 0xB9, 0x04, 0xBA, 0x14, 0xC7, 0x4C, 0xAA, 0x4A, 0x96, 0xF1, 0x80, 0x0A, 0x33, 0xB9, 0x00, 0xA5, 0x36, 0xE5, 0xEF, 0x04, 0xB5, 0x69, 0x04, 0x9D, 0x23, 0xEA, 0xDC, 0x12, 0x44, 0x52, 0xD9, 0x82, 0xFC, 0x4B, 0xFF, 0xC0, 0xBA, 0xE0, 0x33, 0x2D, 0x1E, 0xBD, 0xD7, 0x3D, 0x3F, 0xC9, 0x89, 0x36, 0xB1, 0x52, 0xD6, 0x80, 0x5E, 0xA2, 0xEB, 0x60, 0x03, 0x54, 0xD8, 0x0D, 0x12, 0x45, 0x06, 0xC5, 0xA2, 0x47, 0x66, 0xC8, 0x55, 0x72, 0x71, 0xCA, 0xE7, 0x39, 0x2D, 0x02, 0x30, 0x20, 0xAE, 0x5A, 0x1D, 0xAE, 0xB9, 0x00, 0x4A, 0x7E, 0xA8, 0xCE, 0x6E, 0xD1, 0xE3, 0x6A, 0x4B, 0x1D, 0xC0, 0x5D, 0xED, 0x31, 0xF6, 0x71, 0x81, 0x7E, 0xA4, 0x23, 0x04, 0x8F, 0x54, 0xCD, 0x72, 0xDB, 0x34, 0x65, 0xEB, 0x2D, 0x58, 0x0F, 0x5D, 0x9B, 0x3C, 0xF2, 0xAC, 0xFD, 0x0C, 0xC6, 0x7D, 0xD6, 0xC3, 0xC9, 0xEB, 0x22, 0x09, 0xCD, 0xBC, 0xD0, 0x2E, 0x0B, 0x5E, 0x23, 0x40, 0xCA, 0xFA, 0x68, 0xAA, 0xB3, 0x19, 0x12, 0xEE, 0x43, 0xD6, 0x6F, 0x81, 0x62, 0xF7, 0xD6, 0x6A, 0x20, 0x03, 0x0B, 0x20, 0x63, 0xBE, 0x01, 0x8F, 0x17, 0x43, 0x0E, 0xBB, 0xA1, 0xEE, 0x24, 0x7A, 0xDA, 0x65, 0xFB, 0x5E, 0x53, 0xDF, 0x3C, 0xB2, 0xEA, 0xA6, 0x51, 0x11, 0xB2, 0x48, 0xE2, 0x81, 0x27, 0x6D, 0xC7, 0x77, 0x51, 0xCF, 0xF1, 0x7E, 0xCA, 0x29, 0x5A, 0xE1, 0xE8, 0xC8, 0x38, 0x10, 0xB3, 0x9F, 0x86, 0x9D, 0xCF, 0x28, 0x5C, 0x02, 0x8A, 0xE7, 0x91, 0x35, 0xEC, 0x62, 0x4E, 0x55, 0x9F, 0x63, 0x42, 0x8C, 0x26, 0x9C, 0x4D, 0xDF, 0xB4, 0x9F, 0x07, 0xF0, 0xF6, 0xBA, 0x5C, 0x96, 0x8F, 0xCB, 0x53, 0x0E, 0x39, 0x09, 0x7F, 0x25, 0x60, 0x90, 0xAD, 0xF0, 0xED, 0x85, 0x1D, 0x76, 0x0E, 0xFE, 0x00, 0xDF, 0x9B, 0xE1, 0x07, 0xE3, 0x77, 0x3B, 0xFD, 0x70, 0x58, 0x74, 0x19, 0x01, 0x0D, 0xE6, 0x38, 0x63, 0x2A, 0x9A, 0xAA, 0xD7, 0x65, 0xE6, 0x74, 0x8A, 0xFE, 0x6E, 0xA5, 0x1D, 0x7E, 0x97, 0x3E, 0xD3, 0x61, 0x80, 0x12, 0xA6, 0x24, 0x73, 0xFE, 0x35, 0x7D, 0x0A, 0x30, 0x00, 0x77, 0x1F, 0xCC, 0x04, 0x8B, 0x0B, 0x35, 0xF7, 0x00, 0x00, 0x00, 0x00, 0x49, 0x45, 0x4E, 0x44, 0xAE, 0x42, 0x60, 0x82" },
    { "message_alert": "0x89, 0x50, 0x4E, 0x47, 0x0D, 0x0A, 0x1A, 0x0A, 0x00, 0x00, 0x00, 0x0D, 0x49, 0x48, 0x44, 0x52, 0x00, 0x00, 0x00, 0x30, 0x00, 0x00, 0x00, 0x30, 0x08, 0x06, 0x00, 0x00, 0x00, 0x57, 0x02, 0xF9, 0x87, 0x00, 0x00, 0x00, 0x09, 0x70, 0x48, 0x59, 0x73, 0x00, 0x00, 0x0B, 0x12, 0x00, 0x00, 0x0B, 0x12, 0x01, 0xD2, 0xDD, 0x7E, 0xFC, 0x00, 0x00, 0x03, 0x3C, 0x49, 0x44, 0x41, 0x54, 0x68, 0x81, 0xE5, 0x5A, 0xBD, 0x6E, 0xDB, 0x30, 0x10, 0x3E, 0x29, 0x68, 0x81, 0xA2, 0x01, 0xE4, 0x4C, 0x1D, 0x25, 0xE4, 0x05, 0x64, 0xC0, 0x0F, 0x60, 0x0D, 0xDE, 0x9D, 0x25, 0xB3, 0x3D, 0x65, 0xF6, 0x1B, 0xD8, 0xA3, 0xC7, 0xAC, 0xC9, 0x62, 0xCD, 0x99, 0xB2, 0x67, 0x51, 0x9F, 0xC0, 0x36, 0xBA, 0x36, 0xB0, 0x3D, 0x74, 0x29, 0x50, 0x5B, 0x41, 0xA7, 0x02, 0x2D, 0x18, 0x1C, 0x41, 0xA9, 0x27, 0x5A, 0x4A, 0x2C, 0xE9, 0xE8, 0xD4, 0xEE, 0x07, 0x10, 0xFE, 0x15, 0xF9, 0x7D, 0x77, 0xE4, 0x51, 0x77, 0x94, 0x25, 0x84, 0x80, 0xBA, 0xB0, 0x2C, 0x2B, 0x00, 0x80, 0xA4, 0x79, 0x00, 0xE0, 0x16, 0x74, 0xB9, 0x02, 0x80, 0x25, 0x00, 0x44, 0xD8, 0x84, 0x10, 0x51, 0xED, 0xC1, 0x51, 0x40, 0x95, 0xA6, 0xC8, 0x86, 0x00, 0x10, 0x63, 0x37, 0x15, 0x5B, 0xAC, 0xFA, 0x08, 0xAA, 0xF2, 0x28, 0xED, 0x01, 0x65, 0xED, 0x11, 0x00, 0xB4, 0xE9, 0xF7, 0xAE, 0xEB, 0x42, 0x10, 0x04, 0xD0, 0x6C, 0x36, 0x65, 0xCB, 0xC3, 0x6C, 0x36, 0x93, 0x2D, 0x8A, 0x22, 0x58, 0xAD, 0x56, 0xFA, 0x3F, 0x3E, 0x63, 0xBF, 0xA5, 0xBD, 0xB2, 0xAB, 0x52, 0x35, 0x35, 0xEE, 0xA9, 0xA5, 0x5D, 0xD7, 0x15, 0xC3, 0xE1, 0x50, 0x2C, 0x16, 0x0B, 0x51, 0x16, 0x78, 0x0D, 0x5E, 0x8B, 0x7D, 0x68, 0xDE, 0xC3, 0x31, 0xBC, 0x9D, 0x79, 0xED, 0x48, 0xFE, 0x82, 0x4E, 0x15, 0x1C, 0x74, 0x32, 0x99, 0x94, 0x26, 0x5D, 0x04, 0xEC, 0x4B, 0x13, 0x82, 0x63, 0x5D, 0xB0, 0x08, 0x00, 0x80, 0xEB, 0xA4, 0x63, 0xC7, 0x71, 0xA4, 0xD5, 0x4C, 0x01, 0xFB, 0xC6, 0x31, 0x88, 0x90, 0xEB, 0x5A, 0x02, 0xD4, 0x02, 0x93, 0x9D, 0xF9, 0xBE, 0x2F, 0xA6, 0xD3, 0xA9, 0x31, 0xF2, 0x09, 0x70, 0x0C, 0x1C, 0x8B, 0x88, 0x08, 0x2B, 0x09, 0xA0, 0xE4, 0xBB, 0xDD, 0xAE, 0xD8, 0x6C, 0x36, 0xC6, 0xC9, 0x27, 0xC0, 0xB1, 0x70, 0xCC, 0x5D, 0x44, 0xBC, 0x3A, 0x6D, 0x7A, 0xBD, 0xDE, 0xDE, 0x88, 0xEB, 0xC0, 0xB1, 0x5F, 0x9B, 0x4E, 0x45, 0x0B, 0x36, 0xB5, 0xFC, 0x5B, 0x43, 0xF3, 0xC4, 0xD6, 0xC2, 0xCE, 0xEC, 0x03, 0x96, 0x65, 0x61, 0xA8, 0x9C, 0x01, 0x80, 0xE3, 0xFB, 0xBE, 0x8C, 0xD7, 0x8D, 0x46, 0xA3, 0x54, 0x58, 0x46, 0xFC, 0xD9, 0x6C, 0x60, 0x7D, 0x7B, 0x9B, 0x7E, 0x3E, 0x39, 0x3B, 0x03, 0xE7, 0xF2, 0x52, 0xBE, 0x96, 0x45, 0x1C, 0xC7, 0x72, 0x7F, 0x99, 0xCF, 0xE7, 0x78, 0xE5, 0x13, 0x00, 0x34, 0x85, 0x10, 0xCB, 0xDC, 0x7D, 0x20, 0x89, 0xF3, 0x18, 0x09, 0xEA, 0x2C, 0xD8, 0x45, 0xA7, 0x23, 0xBE, 0x00, 0x64, 0x5A, 0x1D, 0x20, 0x17, 0x12, 0x9D, 0xEE, 0x29, 0x67, 0x9B, 0x58, 0x1F, 0x77, 0xD8, 0x2E, 0xBE, 0x1F, 0x8D, 0x46, 0x85, 0xBB, 0x69, 0x15, 0x7C, 0x68, 0xB5, 0x6A, 0x5D, 0x8F, 0x5C, 0x06, 0x83, 0x41, 0xF2, 0xB1, 0xAB, 0xB8, 0x66, 0x3D, 0xA0, 0x6E, 0xB0, 0xE4, 0x86, 0x52, 0x17, 0xBA, 0x07, 0xBE, 0x5D, 0x5D, 0xB1, 0xAC, 0x24, 0xB2, 0xD9, 0x45, 0x19, 0x0F, 0x28, 0x45, 0xED, 0xC4, 0xFA, 0xDC, 0x78, 0x77, 0x7E, 0xCE, 0xD2, 0x23, 0xE1, 0xD6, 0x4E, 0xBD, 0x40, 0x63, 0x3E, 0x87, 0xF5, 0x45, 0x8E, 0x07, 0x7E, 0x3E, 0x3C, 0xB0, 0xF4, 0x2B, 0xB2, 0x5E, 0x08, 0xE9, 0x1A, 0xC0, 0xD0, 0x09, 0xFD, 0x7E, 0x9F, 0xDD, 0xFA, 0xC0, 0xB0, 0x06, 0x28, 0x08, 0x47, 0xC9, 0xD9, 0x56, 0xAE, 0x70, 0xC0, 0x90, 0x00, 0x0C, 0x9D, 0x55, 0xC2, 0x67, 0x11, 0x08, 0x47, 0x07, 0xB9, 0xDB, 0x2A, 0x31, 0x91, 0xF7, 0xF3, 0x9E, 0xE7, 0xF1, 0x31, 0x57, 0xE0, 0xB4, 0x3E, 0x02, 0x39, 0x22, 0x57, 0x85, 0xBF, 0x02, 0x70, 0xB3, 0x30, 0x01, 0x6E, 0x01, 0x1A, 0x57, 0x29, 0x40, 0x9A, 0x9D, 0x33, 0xEE, 0x53, 0xD8, 0x8C, 0xD3, 0x27, 0x01, 0xE1, 0xEA, 0xD9, 0x49, 0x02, 0x6E, 0x4A, 0x80, 0x09, 0x0F, 0x10, 0xAE, 0xAE, 0xFD, 0xF2, 0x5F, 0xEB, 0xC3, 0x84, 0x00, 0x0A, 0xE3, 0x02, 0x38, 0x23, 0x50, 0x1E, 0x52, 0x01, 0x55, 0xEE, 0x3A, 0x8B, 0xF0, 0x5E, 0xED, 0xBC, 0xA7, 0x9D, 0x8E, 0x29, 0xDE, 0x29, 0x52, 0x01, 0x78, 0xDB, 0xCA, 0x05, 0xAE, 0x5B, 0x87, 0x52, 0x02, 0x4C, 0xE0, 0xE3, 0x9E, 0x3C, 0x20, 0x2B, 0x4C, 0x58, 0x70, 0x3A, 0x14, 0x10, 0xAE, 0x2B, 0x5B, 0xD5, 0x2A, 0x8D, 0x08, 0x30, 0x15, 0x81, 0x08, 0xD7, 0xA5, 0xAD, 0xF2, 0x00, 0x99, 0x3E, 0x72, 0x01, 0x89, 0x7F, 0x1A, 0x8F, 0xD3, 0xC5, 0xCC, 0x0D, 0xC2, 0x55, 0xBE, 0x09, 0x92, 0xA4, 0xB9, 0x4A, 0x89, 0x70, 0xDF, 0x40, 0x8E, 0x24, 0xC9, 0x0F, 0x6C, 0x55, 0x4C, 0xC5, 0x64, 0x19, 0xC2, 0x30, 0x34, 0x62, 0x31, 0x4E, 0x10, 0x8E, 0x4F, 0x92, 0xBB, 0x89, 0x84, 0x06, 0x13, 0x18, 0x6C, 0xBF, 0x1E, 0x1F, 0xD9, 0xFD, 0xA3, 0x27, 0x34, 0xB4, 0xD6, 0x2F, 0x7F, 0xA8, 0x5B, 0xB4, 0xFD, 0xDA, 0x6A, 0x65, 0xB2, 0xB1, 0x1F, 0x37, 0x37, 0x6C, 0xE4, 0x91, 0x1B, 0x9D, 0x3E, 0x99, 0xC2, 0x16, 0x47, 0x52, 0x8F, 0x56, 0xD7, 0xCB, 0x29, 0x98, 0x5E, 0x72, 0x21, 0x2F, 0xA9, 0xA7, 0x02, 0x52, 0x2F, 0x54, 0xAD, 0x40, 0xFF, 0x5E, 0xAF, 0xB7, 0x3C, 0x10, 0xDF, 0xDD, 0xB1, 0xD0, 0x47, 0x4E, 0xBA, 0xF5, 0xB7, 0x4A, 0x8B, 0x1C, 0x85, 0x2D, 0x14, 0x81, 0xD3, 0xE6, 0xFB, 0x78, 0xCC, 0xB6, 0x06, 0x5E, 0x2A, 0x6C, 0xE5, 0x9D, 0xC2, 0xC4, 0x49, 0x39, 0x7D, 0x9F, 0x15, 0xE9, 0x22, 0x20, 0x07, 0x52, 0x6E, 0x8F, 0xF5, 0xD3, 0x9B, 0x83, 0x2F, 0xEE, 0x1E, 0x5F, 0x79, 0xFD, 0x28, 0x0E, 0x38, 0x8E, 0xE2, 0x88, 0x29, 0x6F, 0x3A, 0x1D, 0xDC, 0x21, 0x9F, 0xB6, 0xB0, 0x0F, 0xF3, 0x98, 0x55, 0x0B, 0xB1, 0xFF, 0xDC, 0x41, 0xF7, 0xFF, 0xF3, 0xA8, 0x41, 0x8E, 0x47, 0x0E, 0xF3, 0x61, 0x8F, 0x3C, 0xBC, 0xD9, 0xE3, 0x36, 0x00, 0xF0, 0x0C, 0x7D, 0xA3, 0xDF, 0xD1, 0x52, 0xC6, 0xE5, 0xFF, 0x00, 0x00, 0x00, 0x00, 0x49, 0x45, 0x4E, 0x44, 0xAE, 0x42, 0x60, 0x82" },
    { "message_info": "0x89, 0x50, 0x4E, 0x47, 0x0D, 0x0A, 0x1A, 0x0A, 0x00, 0x00, 0x00, 0x0D, 0x49, 0x48, 0x44, 0x52, 0x00, 0x00, 0x00, 0x30, 0x00, 0x00, 0x00, 0x30, 0x08, 0x06, 0x00, 0x00, 0x00, 0x57, 0x02, 0xF9, 0x87, 0x00, 0x00, 0x00, 0x09, 0x70, 0x48, 0x59, 0x73, 0x00, 0x00, 0x0B, 0x12, 0x00, 0x00, 0x0B, 0x12, 0x01, 0xD2, 0xDD, 0x7E, 0xFC, 0x00, 0x00, 0x03, 0x54, 0x49, 0x44, 0x41, 0x54, 0x68, 0x81, 0xE5, 0x5A, 0xBD, 0x6E, 0xE2, 0x40, 0x10, 0x1E, 0xD0, 0xF5, 0x40, 0x5E, 0xC0, 0x08, 0x1E, 0x00, 0xA4, 0x3C, 0x40, 0x5C, 0xB8, 0x27, 0x0D, 0x35, 0x9D, 0x79, 0x04, 0x4A, 0x28, 0xA1, 0x22, 0x35, 0x0D, 0x4E, 0x9B, 0x34, 0xE9, 0x13, 0x29, 0xBE, 0x1E, 0x89, 0xBC, 0x40, 0x92, 0xE3, 0x05, 0xB0, 0xDF, 0x60, 0x4F, 0xDF, 0x9E, 0xD7, 0x9A, 0x6C, 0xCC, 0xC5, 0x3F, 0xBB, 0xE4, 0xE0, 0x3E, 0x69, 0x25, 0x40, 0x78, 0xE6, 0x9B, 0xDD, 0x99, 0xF1, 0xCC, 0xD8, 0x35, 0x21, 0x04, 0x55, 0x45, 0xAD, 0x56, 0x73, 0x89, 0x48, 0xAD, 0x36, 0x11, 0x39, 0x07, 0x44, 0xEE, 0x88, 0xE8, 0x17, 0x11, 0x85, 0x58, 0x42, 0x88, 0xB0, 0xB2, 0x72, 0x18, 0x50, 0x66, 0x25, 0x64, 0x03, 0x22, 0x8A, 0x21, 0xA6, 0xE4, 0x8A, 0x13, 0x19, 0x6E, 0x59, 0x1E, 0x85, 0x4F, 0x20, 0xD9, 0xED, 0x19, 0x11, 0x5D, 0xF1, 0xDF, 0x1D, 0xC7, 0x21, 0xD7, 0x75, 0xA9, 0xDF, 0xEF, 0xCB, 0x95, 0x85, 0x97, 0x97, 0x17, 0xB9, 0xC2, 0x30, 0xA4, 0xDD, 0x6E, 0xA7, 0xFF, 0xE3, 0x27, 0xE4, 0x16, 0x3E, 0x95, 0xBC, 0x96, 0x26, 0xAE, 0xF1, 0xC0, 0x77, 0xDA, 0x71, 0x1C, 0x31, 0x9D, 0x4E, 0xC5, 0xFB, 0xFB, 0xBB, 0x28, 0x0A, 0x5C, 0x83, 0x6B, 0x21, 0x43, 0x3B, 0x3D, 0xE8, 0x68, 0xE7, 0xE6, 0x95, 0x93, 0xFC, 0x35, 0x77, 0x15, 0x28, 0x5D, 0xAF, 0xD7, 0x85, 0x49, 0x1F, 0x02, 0x64, 0x69, 0x86, 0x40, 0xD7, 0xB5, 0x11, 0x03, 0x88, 0xE8, 0x46, 0x09, 0x6E, 0x34, 0x1A, 0x72, 0xD7, 0x6C, 0x01, 0xB2, 0xA1, 0x83, 0x19, 0x72, 0x53, 0xC9, 0x80, 0x24, 0xC0, 0xA4, 0xB0, 0x5E, 0xAF, 0x27, 0xB6, 0xDB, 0xAD, 0x35, 0xF2, 0x0A, 0xD0, 0x01, 0x5D, 0xCC, 0x88, 0xA0, 0x94, 0x01, 0x9C, 0xFC, 0x60, 0x30, 0x10, 0x51, 0x14, 0x59, 0x27, 0xAF, 0x00, 0x5D, 0xD0, 0x99, 0xC7, 0x88, 0x2F, 0xDD, 0x66, 0x34, 0x1A, 0x1D, 0x8D, 0xB8, 0x0E, 0xE8, 0xFE, 0xCA, 0x9D, 0x0E, 0x05, 0x6C, 0xBA, 0xF3, 0xDF, 0x0D, 0xED, 0x24, 0x3E, 0x05, 0x76, 0x56, 0xAA, 0x8C, 0x95, 0xCF, 0x1F, 0xD3, 0x6D, 0x0E, 0x01, 0x1C, 0x58, 0x4C, 0xC4, 0x7A, 0x8A, 0xD5, 0x0D, 0x78, 0x50, 0xD9, 0xE6, 0x18, 0x01, 0x9B, 0x17, 0xE0, 0xC2, 0xB2, 0xD3, 0x43, 0xA6, 0x01, 0x49, 0x69, 0x20, 0xFF, 0xB4, 0x5C, 0x2E, 0x8D, 0x93, 0xD8, 0x6C, 0x36, 0xA2, 0xD3, 0xE9, 0x48, 0xF9, 0x9E, 0xE7, 0x89, 0xFD, 0x7E, 0x5F, 0xE8, 0x7A, 0xA4, 0x58, 0xE6, 0x4A, 0x6E, 0x96, 0x01, 0xA1, 0xBA, 0x49, 0xD9, 0x40, 0xAB, 0xD5, 0xFA, 0x70, 0xC7, 0x9D, 0xCF, 0xE7, 0x85, 0xB5, 0xB0, 0x9B, 0x5D, 0xA8, 0x78, 0xD7, 0x59, 0x7D, 0x23, 0x6B, 0x9B, 0xD9, 0x6C, 0x56, 0xA8, 0x14, 0xC9, 0x83, 0xB7, 0xB7, 0x37, 0x8A, 0xA2, 0xA8, 0xB2, 0x1C, 0xC6, 0xED, 0x2A, 0xE1, 0x4C, 0x1F, 0x72, 0xBE, 0xAD, 0xDD, 0x07, 0x94, 0xFB, 0xA8, 0xF5, 0xF8, 0xF8, 0x58, 0x4A, 0x0E, 0x3B, 0x85, 0x20, 0x75, 0x21, 0x95, 0x79, 0x6C, 0x96, 0x09, 0xAF, 0xAF, 0xAF, 0xC2, 0xF7, 0x7D, 0x31, 0x1C, 0x0E, 0xC5, 0xDD, 0xDD, 0x5D, 0x69, 0x39, 0x2C, 0x16, 0x62, 0x55, 0x49, 0xA7, 0xC1, 0x5B, 0xA6, 0xAA, 0x3C, 0x36, 0xC0, 0x91, 0x07, 0x73, 0x3D, 0x31, 0x40, 0xD6, 0xF3, 0xED, 0x76, 0xBB, 0xB4, 0x7F, 0x2E, 0x16, 0x0B, 0xEA, 0x76, 0xBB, 0x88, 0xA7, 0x74, 0x5D, 0x5C, 0x5C, 0xD0, 0x78, 0x3C, 0xA6, 0xA7, 0xA7, 0xA7, 0xCA, 0xFE, 0xAF, 0x00, 0x8E, 0xE0, 0x9A, 0x40, 0x72, 0x0F, 0x4D, 0x94, 0x0C, 0xBA, 0x8F, 0xEB, 0xAB, 0x8A, 0xDB, 0xE8, 0x60, 0x25, 0x46, 0xF8, 0x23, 0xB9, 0xFB, 0x1E, 0xEC, 0xA2, 0xF2, 0x40, 0x65, 0x18, 0xDF, 0xF7, 0xA9, 0xD3, 0xE9, 0xA4, 0x57, 0xAC, 0x56, 0x2B, 0x99, 0x81, 0xD4, 0xE7, 0xE1, 0x70, 0x68, 0xE4, 0x14, 0xC0, 0xF5, 0xF6, 0xF6, 0x96, 0x14, 0x77, 0x69, 0xCD, 0xF3, 0xF3, 0xB3, 0x71, 0x6F, 0xC6, 0xAE, 0x2B, 0xF9, 0xB8, 0x0F, 0x98, 0x02, 0xB8, 0x2A, 0xB9, 0x75, 0x23, 0x5B, 0x92, 0x03, 0x97, 0x97, 0x97, 0x56, 0xE4, 0x5A, 0x35, 0x80, 0x07, 0xAF, 0xE7, 0x79, 0x56, 0x74, 0xA4, 0x06, 0x34, 0x9B, 0x4D, 0xA3, 0x82, 0x11, 0x17, 0xF7, 0xF7, 0xF7, 0xE9, 0x77, 0x53, 0xFE, 0xAF, 0x23, 0x35, 0x20, 0x8E, 0x63, 0xA3, 0x82, 0x11, 0xB4, 0x2A, 0xB8, 0xB1, 0xFB, 0x3C, 0xB8, 0x4D, 0xC2, 0x9A, 0x0B, 0xC1, 0x00, 0x05, 0x64, 0x27, 0x5B, 0xA8, 0x27, 0xE3, 0x3E, 0x39, 0x70, 0x32, 0x49, 0x5E, 0xA5, 0x4F, 0xEC, 0xBC, 0x69, 0xF7, 0x61, 0x5C, 0x77, 0xF5, 0x64, 0x56, 0x69, 0xD4, 0x00, 0xEE, 0xFB, 0x36, 0x76, 0x9F, 0x71, 0x95, 0xDC, 0x67, 0x26, 0x2B, 0x51, 0x34, 0x2E, 0x3C, 0xF7, 0x17, 0x6D, 0x5C, 0xF2, 0x80, 0x55, 0xA4, 0xB2, 0xBE, 0x36, 0x5A, 0xCC, 0xA1, 0xE2, 0x54, 0xF2, 0x26, 0x93, 0x89, 0x71, 0xF2, 0x7A, 0x31, 0x67, 0xBC, 0x9C, 0xE6, 0x9D, 0x17, 0x4E, 0xC3, 0x34, 0x3E, 0x95, 0xD3, 0x26, 0x1B, 0x1A, 0x34, 0x29, 0x36, 0x4A, 0x07, 0x0E, 0xBD, 0xA1, 0x51, 0x69, 0x14, 0x06, 0xC8, 0x91, 0x77, 0x10, 0x04, 0xC6, 0x82, 0x2D, 0xAB, 0x8D, 0xAC, 0xD2, 0x5A, 0x82, 0x1B, 0x1B, 0xCB, 0xFF, 0x21, 0x6A, 0xB2, 0xA9, 0xE7, 0x01, 0x8C, 0x85, 0x12, 0x1B, 0x71, 0x80, 0x06, 0x1E, 0x9D, 0x18, 0xBE, 0x23, 0x46, 0x0C, 0xEC, 0x7E, 0xF8, 0xD7, 0xB1, 0x4A, 0x95, 0x58, 0xE0, 0x41, 0x9C, 0xB5, 0xCA, 0x4C, 0x23, 0x44, 0x9E, 0xB1, 0x8A, 0xC9, 0xC1, 0x16, 0x62, 0x01, 0x86, 0x60, 0xFE, 0xA3, 0x94, 0xE2, 0x33, 0x7E, 0x43, 0x6F, 0x5C, 0x14, 0xB9, 0x06, 0x5B, 0x67, 0x31, 0x5A, 0x3C, 0xF9, 0xE1, 0xEE, 0x59, 0x8C, 0xD7, 0xCF, 0xE2, 0x01, 0xC7, 0x59, 0x3C, 0x62, 0xCA, 0x72, 0xA7, 0x93, 0x7B, 0xC8, 0xA7, 0x05, 0xF6, 0x69, 0x3E, 0x66, 0xD5, 0x52, 0xEC, 0x3F, 0xF7, 0xA0, 0xFB, 0xFF, 0x79, 0xD5, 0x20, 0xE3, 0x44, 0x4E, 0xF3, 0x65, 0x8F, 0x2C, 0x7C, 0xDB, 0xEB, 0x36, 0x44, 0xF4, 0x1B, 0xCE, 0x72, 0x26, 0xD8, 0x13, 0xBC, 0x3A, 0x7A, 0x00, 0x00, 0x00, 0x00, 0x49, 0x45, 0x4E, 0x44, 0xAE, 0x42, 0x60, 0x82" },
    { "message_question": "0x89, 0x50, 0x4E, 0x47, 0x0D, 0x0A, 0x1A, 0x0A, 0x00, 0x00, 0x00, 0x0D, 0x49, 0x48, 0x44, 0x52, 0x00, 0x00, 0x00, 0x30, 0x00, 0x00, 0x00, 0x30, 0x08, 0x06, 0x00, 0x00, 0x00, 0x57, 0x02, 0xF9, 0x87, 0x00, 0x00, 0x00, 0x09, 0x70, 0x48, 0x59, 0x73, 0x00, 0x00, 0x0B, 0x12, 0x00, 0x00, 0x0B, 0x12, 0x01, 0xD2, 0xDD, 0x7E, 0xFC, 0x00, 0x00, 0x03, 0x49, 0x49, 0x44, 0x41, 0x54, 0x68, 0x81, 0xE5, 0x5A, 0x31, 0xAE, 0xE2, 0x30, 0x10, 0x9D, 0x44, 0xDB, 0xA3, 0x9C, 0x20, 0x28, 0x1C, 0x00, 0xA4, 0x1C, 0x60, 0x29, 0xE8, 0xF9, 0x0D, 0x35, 0x5B, 0x71, 0x05, 0xE8, 0xA0, 0x4C, 0xC7, 0x6F, 0xA9, 0x7E, 0xB6, 0xA5, 0xA2, 0x07, 0x89, 0xEC, 0x01, 0x10, 0x5C, 0x00, 0x01, 0x17, 0x20, 0xF9, 0x27, 0xF0, 0x6A, 0x2C, 0x87, 0x3F, 0x98, 0x44, 0xC4, 0x76, 0xC2, 0x5F, 0xD8, 0x27, 0x59, 0xFA, 0x1F, 0x91, 0x99, 0xF7, 0x3C, 0x63, 0x67, 0x3C, 0xC6, 0x62, 0x8C, 0x81, 0x29, 0x2C, 0xCB, 0x6A, 0x03, 0x40, 0x3A, 0xEA, 0x00, 0xE0, 0xE6, 0x98, 0x3C, 0x01, 0xC0, 0x11, 0x00, 0x22, 0x1C, 0x8C, 0xB1, 0xC8, 0xD8, 0x39, 0x0A, 0xD0, 0x19, 0x82, 0x6C, 0x08, 0x00, 0x09, 0x9A, 0xD1, 0x1C, 0x89, 0xB0, 0xD1, 0xD6, 0xE5, 0xA1, 0x1C, 0x01, 0x31, 0xDB, 0x13, 0x00, 0xF8, 0x49, 0x3F, 0x77, 0x5D, 0x17, 0xDA, 0xED, 0x36, 0xB4, 0x5A, 0x2D, 0x3E, 0xB2, 0xB0, 0xDB, 0xED, 0xF8, 0x88, 0xA2, 0x08, 0x4E, 0xA7, 0x93, 0xFC, 0x8D, 0x3F, 0x68, 0x57, 0x39, 0x2A, 0x45, 0x95, 0x8A, 0xD4, 0x58, 0xD0, 0x99, 0x76, 0x5D, 0x97, 0x8D, 0xC7, 0x63, 0x76, 0x38, 0x1C, 0x98, 0x2A, 0xF0, 0x19, 0x7C, 0x16, 0x6D, 0x48, 0xD1, 0x43, 0x1F, 0xF5, 0xC2, 0xBC, 0x0A, 0x92, 0x7F, 0xA3, 0xA9, 0x82, 0x4E, 0x3F, 0x3E, 0x3E, 0x94, 0x49, 0xE7, 0x01, 0x6D, 0x49, 0x42, 0xD0, 0xD7, 0x5B, 0x29, 0x02, 0x00, 0xE0, 0x3D, 0x35, 0x5C, 0xAB, 0xD5, 0xF8, 0xAC, 0x55, 0x05, 0xB4, 0x8D, 0x3E, 0x88, 0x90, 0x77, 0x23, 0x01, 0x62, 0x81, 0x71, 0x63, 0xCD, 0x66, 0x93, 0x6D, 0xB7, 0xDB, 0xCA, 0xC8, 0xA7, 0x40, 0x1F, 0xE8, 0x8B, 0x88, 0x08, 0xB5, 0x04, 0x50, 0xF2, 0xDD, 0x6E, 0x97, 0xC5, 0x71, 0x5C, 0x39, 0xF9, 0x14, 0xE8, 0x0B, 0x7D, 0x16, 0x11, 0x71, 0x37, 0x6D, 0xFA, 0xFD, 0xFE, 0xC3, 0x88, 0xCB, 0x40, 0xDF, 0xF7, 0xD2, 0x29, 0x6F, 0xC1, 0x5E, 0x66, 0xFE, 0xBB, 0x21, 0x45, 0xE2, 0x66, 0x61, 0x67, 0x6D, 0x95, 0x49, 0x9A, 0xF3, 0x8F, 0x4C, 0x9B, 0x3C, 0x20, 0x07, 0xB2, 0x26, 0x12, 0x79, 0x8B, 0x95, 0x05, 0x2C, 0xD2, 0xDD, 0xC6, 0x74, 0xC1, 0x06, 0x41, 0xC0, 0x66, 0xB3, 0x19, 0x5B, 0x2E, 0x97, 0xC6, 0x22, 0x90, 0x0B, 0xD9, 0x9D, 0x16, 0x99, 0x02, 0x44, 0x69, 0xC0, 0xBF, 0x34, 0x9D, 0x4E, 0x8D, 0x9D, 0xCA, 0xA5, 0x85, 0xEF, 0xFB, 0x5C, 0xD4, 0xF9, 0x7C, 0xD6, 0xB2, 0x87, 0x5B, 0x2C, 0xB1, 0xD7, 0xCE, 0x12, 0x10, 0xA5, 0x2F, 0x29, 0x53, 0xEC, 0xF7, 0xFB, 0xDC, 0xDA, 0xC8, 0x71, 0x1C, 0x2E, 0x44, 0x07, 0xE4, 0x65, 0x17, 0x5D, 0x09, 0xA0, 0xB3, 0x5F, 0xC6, 0x1B, 0x16, 0x67, 0x19, 0x53, 0x07, 0x89, 0x0E, 0x06, 0x03, 0xE6, 0x79, 0x5E, 0x66, 0x44, 0x54, 0xA3, 0x81, 0xDC, 0xE4, 0x28, 0x5C, 0xED, 0xF9, 0x65, 0xCC, 0x7E, 0x1E, 0x50, 0x10, 0x92, 0x36, 0x15, 0x41, 0xA2, 0x10, 0x52, 0x01, 0x7C, 0xE7, 0xA9, 0xB2, 0x4C, 0x48, 0x81, 0x11, 0xA1, 0x22, 0x7A, 0xBD, 0x9E, 0xD2, 0xF3, 0x64, 0x2D, 0x24, 0x69, 0x25, 0x7D, 0x49, 0x1F, 0x9D, 0xAA, 0x52, 0x07, 0x9D, 0x4E, 0xE7, 0x4A, 0x84, 0xCA, 0x4E, 0x85, 0x1C, 0x69, 0x1A, 0xD9, 0x42, 0x00, 0xAF, 0xE7, 0xEB, 0xF5, 0xBA, 0x52, 0x29, 0xAE, 0x8B, 0xC1, 0x60, 0x70, 0xF5, 0xE4, 0x6A, 0xB5, 0x2A, 0x6C, 0x09, 0x39, 0x22, 0x57, 0x81, 0x2F, 0x01, 0x78, 0x18, 0x79, 0x14, 0x7A, 0xBD, 0xDE, 0x95, 0xA7, 0xCD, 0x66, 0xA3, 0xE4, 0x99, 0x70, 0xE5, 0x02, 0xF8, 0xB4, 0xE7, 0x9D, 0xA2, 0xAA, 0x40, 0x1C, 0xC7, 0x46, 0x56, 0x09, 0xD7, 0xBA, 0x9D, 0x1E, 0xC0, 0x1F, 0x29, 0x40, 0x4E, 0x99, 0x4E, 0xA7, 0xA3, 0xF4, 0x3C, 0xE1, 0xEA, 0xDA, 0xE5, 0xD1, 0x2A, 0x06, 0x4C, 0x97, 0xD1, 0x68, 0x74, 0xF5, 0x5D, 0x55, 0x01, 0x14, 0x3F, 0xAA, 0x24, 0xDB, 0x68, 0x34, 0xC0, 0xF3, 0xBC, 0xCB, 0xFF, 0x98, 0x3A, 0x72, 0xBE, 0xE3, 0x82, 0xF6, 0x7D, 0xDF, 0xC8, 0x0F, 0xDF, 0x92, 0xAA, 0x38, 0x6D, 0xDD, 0x6B, 0xB5, 0x0C, 0x87, 0x43, 0x2D, 0xBB, 0xEB, 0xF5, 0xFA, 0x62, 0xE3, 0x12, 0x81, 0x24, 0x49, 0x8C, 0x66, 0xE1, 0x1E, 0x70, 0x96, 0x1D, 0xC7, 0xE1, 0x03, 0xFF, 0xC6, 0x9D, 0x88, 0x46, 0x47, 0x17, 0x95, 0xA6, 0x10, 0x45, 0x10, 0x04, 0x46, 0xB9, 0x9E, 0x07, 0x5B, 0xB4, 0xFB, 0x78, 0xC3, 0xA9, 0x4C, 0xC8, 0x5B, 0x65, 0x99, 0xE4, 0x09, 0xD7, 0x93, 0x2D, 0x7A, 0x95, 0xA5, 0x0B, 0x50, 0x7D, 0x39, 0xA9, 0x80, 0x70, 0x3D, 0xDA, 0xE2, 0x1C, 0xC0, 0xDB, 0x7D, 0x55, 0xA1, 0xEC, 0xD4, 0x21, 0x5C, 0xF9, 0x1F, 0x0F, 0x2F, 0xE6, 0x4C, 0x70, 0x53, 0xCC, 0x89, 0x66, 0xEA, 0x27, 0x2A, 0x09, 0xC3, 0xB0, 0xB2, 0x28, 0x94, 0x05, 0xC2, 0xF1, 0x13, 0xB9, 0xF3, 0xEE, 0xB4, 0x65, 0x59, 0xF8, 0x69, 0x1F, 0xAB, 0xBC, 0xE3, 0xF1, 0x58, 0x8A, 0x2B, 0x2C, 0x17, 0xD2, 0x75, 0x50, 0xD6, 0x96, 0x09, 0xA2, 0x1A, 0x15, 0x9D, 0xED, 0xDF, 0x8C, 0xB1, 0x5F, 0x95, 0x1C, 0x29, 0xE7, 0xF3, 0xF9, 0xCD, 0x39, 0x58, 0xF7, 0x30, 0x4F, 0x91, 0x7B, 0xA4, 0x2C, 0xFB, 0x50, 0x2F, 0x1F, 0x58, 0x70, 0xE8, 0x1E, 0xE4, 0x29, 0xB2, 0x0E, 0xF5, 0xB4, 0x98, 0xC3, 0x4B, 0x0B, 0x1E, 0x9E, 0xC9, 0x64, 0x62, 0x14, 0xE6, 0xAC, 0x74, 0xC1, 0x37, 0xB0, 0x09, 0x90, 0x13, 0xB9, 0x14, 0xF9, 0x22, 0x58, 0x45, 0x63, 0x0B, 0xD3, 0x85, 0x46, 0x41, 0xB7, 0xE6, 0x49, 0x51, 0xA8, 0xB1, 0xF5, 0x12, 0xAD, 0xC5, 0xA7, 0x6F, 0xEE, 0xBE, 0x44, 0x7B, 0xFD, 0x25, 0x2E, 0x38, 0x5E, 0xE2, 0x8A, 0x29, 0x2B, 0x9D, 0x9E, 0xEE, 0x92, 0x4F, 0x5A, 0xD8, 0xCF, 0x79, 0xCD, 0x2A, 0x6D, 0xB1, 0xFF, 0xDC, 0x45, 0xF7, 0xFF, 0xF3, 0x53, 0x83, 0x8C, 0x88, 0x3C, 0xE7, 0x8F, 0x3D, 0xB2, 0xF0, 0x6D, 0x3F, 0xB7, 0x01, 0x80, 0xBF, 0xF5, 0x62, 0x32, 0xED, 0x83, 0x32, 0x56, 0x45, 0x00, 0x00, 0x00, 0x00, 0x49, 0x45, 0x4E, 0x44, 0xAE, 0x42, 0x60, 0x82" },
    { "message_stop": "0x89, 0x50, 0x4E, 0x47, 0x0D, 0x0A, 0x1A, 0x0A, 0x00, 0x00, 0x00, 0x0D, 0x49, 0x48, 0x44, 0x52, 0x00, 0x00, 0x00, 0x30, 0x00, 0x00, 0x00, 0x30, 0x08, 0x06, 0x00, 0x00, 0x00, 0x57, 0x02, 0xF9, 0x87, 0x00, 0x00, 0x00, 0x09, 0x70, 0x48, 0x59, 0x73, 0x00, 0x00, 0x0B, 0x12, 0x00, 0x00, 0x0B, 0x12, 0x01, 0xD2, 0xDD, 0x7E, 0xFC, 0x00, 0x00, 0x03, 0xCD, 0x49, 0x44, 0x41, 0x54, 0x68, 0x81, 0xE5, 0x5A, 0x41, 0x4B, 0x1B, 0x41, 0x14, 0x7E, 0x59, 0x35, 0x18, 0x72, 0x30, 0x3D, 0x4A, 0xD1, 0x0D, 0x2D, 0x08, 0x82, 0x60, 0x6E, 0x82, 0x22, 0x5D, 0x7F, 0x81, 0x7A, 0xF4, 0xA4, 0xFE, 0x12, 0xFD, 0x07, 0x7A, 0xF0, 0x9E, 0x5C, 0x3D, 0x99, 0x93, 0xD7, 0x6C, 0x11, 0x04, 0x4F, 0x06, 0x6A, 0x29, 0xB6, 0xD8, 0x18, 0xA1, 0xD7, 0x66, 0x29, 0x95, 0xB4, 0xB6, 0x3A, 0xE5, 0x1B, 0x76, 0xB6, 0x93, 0xC9, 0x6E, 0x33, 0x3B, 0xBB, 0x51, 0x93, 0x7E, 0x30, 0x64, 0xB3, 0xD9, 0x79, 0xF3, 0x7D, 0x33, 0x6F, 0xDE, 0xBC, 0x99, 0x4D, 0x86, 0x31, 0x46, 0x49, 0x91, 0xC9, 0x64, 0x1C, 0x22, 0x12, 0xA5, 0x48, 0x44, 0x76, 0x84, 0xC9, 0x26, 0x11, 0x5D, 0x13, 0x91, 0x8B, 0xC2, 0x18, 0x73, 0x13, 0x37, 0x0E, 0x01, 0x26, 0xC5, 0x27, 0x5B, 0x21, 0x22, 0x0F, 0x66, 0x0C, 0x8B, 0xE7, 0xDB, 0x70, 0x4C, 0x79, 0xC4, 0x1E, 0x01, 0xBF, 0xB7, 0x77, 0x89, 0xE8, 0x8D, 0x7C, 0xDF, 0xB6, 0x6D, 0x72, 0x1C, 0x87, 0x4A, 0xA5, 0x12, 0x2F, 0x61, 0xA8, 0xD7, 0xEB, 0xBC, 0xB8, 0xAE, 0x4B, 0xCD, 0x66, 0x53, 0x7D, 0xE2, 0x2D, 0xEC, 0xC6, 0x1E, 0x15, 0x5D, 0xA5, 0xBE, 0x6B, 0x54, 0xE5, 0x9E, 0xB6, 0x6D, 0x9B, 0xED, 0xEC, 0xEC, 0xB0, 0x46, 0xA3, 0xC1, 0xE2, 0x02, 0x75, 0x50, 0x17, 0x36, 0x94, 0xD1, 0x43, 0x1B, 0x45, 0x6D, 0x5E, 0x9A, 0xE4, 0xD7, 0x64, 0x57, 0x41, 0xA3, 0xE5, 0x72, 0x39, 0x36, 0xE9, 0x28, 0xC0, 0x96, 0x22, 0x04, 0x6D, 0xAD, 0xA5, 0x22, 0x80, 0x88, 0xF6, 0x85, 0xE1, 0x89, 0x89, 0x09, 0xDE, 0x6B, 0xFD, 0x02, 0x6C, 0xA3, 0x0D, 0x49, 0xC8, 0x7E, 0x22, 0x01, 0xFE, 0x04, 0xE3, 0xC6, 0xE6, 0xE7, 0xE7, 0xD9, 0xF9, 0xF9, 0x79, 0xDF, 0xC8, 0x0B, 0xA0, 0x0D, 0xB4, 0x25, 0x89, 0xA8, 0x18, 0x09, 0x90, 0xC9, 0xAF, 0xAE, 0xAE, 0xB2, 0x56, 0xAB, 0xD5, 0x77, 0xF2, 0x02, 0x68, 0x0B, 0x6D, 0xEA, 0x88, 0xE8, 0xE9, 0x36, 0x9B, 0x9B, 0x9B, 0x8F, 0x46, 0x5C, 0x05, 0xDA, 0xEE, 0xE5, 0x4E, 0x51, 0x13, 0x36, 0xE8, 0xF9, 0xA7, 0x86, 0x32, 0x12, 0x5D, 0x13, 0x3B, 0x2C, 0x54, 0x7A, 0xC2, 0xE7, 0x1F, 0xD3, 0x6D, 0xA2, 0x00, 0x0E, 0xD2, 0x9C, 0xF0, 0xD4, 0x10, 0xAB, 0x0A, 0xA8, 0x8A, 0x68, 0xF3, 0x18, 0x13, 0x56, 0x17, 0xE0, 0x22, 0x45, 0xA7, 0x6A, 0xA8, 0x00, 0x3F, 0x35, 0xE0, 0x0F, 0xED, 0xED, 0xED, 0x3D, 0x1B, 0xF2, 0x02, 0x08, 0xB1, 0x92, 0x2B, 0x39, 0x61, 0x02, 0x5C, 0xB1, 0x48, 0xE9, 0xE0, 0x77, 0xAB, 0xC5, 0xAE, 0x96, 0x96, 0x58, 0x3B, 0xE1, 0x48, 0xC1, 0xCE, 0x4F, 0xCD, 0x95, 0x5C, 0x5A, 0xEC, 0xDC, 0x0E, 0x01, 0x72, 0xEF, 0xEB, 0xAC, 0xB0, 0x68, 0xF4, 0x72, 0x66, 0x86, 0x5D, 0x8C, 0x8E, 0xB2, 0xF7, 0xB9, 0x9C, 0xB1, 0x08, 0x61, 0x47, 0xD7, 0x06, 0xB8, 0xA9, 0xA3, 0xD0, 0x11, 0xF3, 0xE3, 0xF4, 0x3E, 0x17, 0x90, 0xCD, 0xB2, 0x77, 0x44, 0x46, 0x22, 0xBA, 0x6C, 0xE4, 0xF3, 0x5A, 0xF5, 0xA4, 0x51, 0xE0, 0x6B, 0x83, 0xE5, 0xE7, 0x74, 0x08, 0x9D, 0xB4, 0xB5, 0xB5, 0xA5, 0x95, 0x00, 0x8E, 0x14, 0x0A, 0xF4, 0xFA, 0xEC, 0x8C, 0xC6, 0x8A, 0x45, 0xCA, 0x64, 0xB3, 0xF4, 0xD0, 0x6E, 0xD3, 0xE7, 0xC5, 0x45, 0xFA, 0x51, 0xAF, 0x6B, 0xD5, 0xBF, 0xF7, 0x3C, 0xBA, 0x5A, 0x58, 0xA0, 0x5F, 0xD7, 0xD7, 0xC4, 0xEE, 0xEE, 0xB8, 0x8D, 0xC9, 0x83, 0x03, 0xAD, 0xBA, 0x12, 0xC7, 0x35, 0x71, 0x11, 0xB8, 0x4F, 0xDC, 0xAC, 0xD2, 0x64, 0x24, 0xF0, 0xFB, 0x87, 0xC9, 0xC9, 0xA0, 0x0E, 0x3E, 0xBF, 0xC6, 0x48, 0x0C, 0xC1, 0x51, 0x76, 0x23, 0xF2, 0x73, 0x7B, 0x6D, 0xF7, 0x49, 0x22, 0x02, 0xF7, 0xE1, 0x2A, 0xE2, 0x59, 0x94, 0x38, 0xE4, 0x05, 0x24, 0x37, 0xDA, 0xB5, 0x84, 0x0A, 0x6C, 0x46, 0x4C, 0x00, 0x77, 0x9A, 0x3E, 0x3C, 0xE4, 0x6E, 0x00, 0x44, 0xB9, 0x13, 0xBE, 0xE3, 0xFE, 0xC3, 0xED, 0x2D, 0x77, 0x1B, 0xE0, 0x65, 0xB9, 0x4C, 0x2F, 0x34, 0xDD, 0x56, 0x86, 0xC4, 0xD5, 0xB1, 0xFC, 0xD5, 0x37, 0x72, 0x17, 0xA5, 0x83, 0xF1, 0x52, 0x89, 0x5E, 0x9D, 0x9C, 0x90, 0x95, 0xCB, 0xFD, 0x15, 0xB1, 0xBC, 0x1C, 0x88, 0x08, 0xC8, 0xB7, 0xDB, 0xFC, 0x3B, 0x9E, 0x9B, 0x3E, 0x3A, 0x32, 0x22, 0xAF, 0x70, 0xE5, 0xDC, 0xF9, 0x70, 0xD4, 0x6A, 0x35, 0x23, 0x17, 0xEA, 0x72, 0x91, 0x5C, 0x2E, 0xF0, 0x6D, 0xB8, 0xD6, 0xF7, 0x5A, 0x2D, 0xB8, 0x67, 0x1A, 0xB1, 0x54, 0x80, 0xAB, 0xE0, 0x6D, 0xFD, 0x53, 0xAA, 0xC9, 0x48, 0x9C, 0x9E, 0xF2, 0x1E, 0x86, 0x9B, 0x20, 0xCA, 0x34, 0x56, 0x56, 0x3A, 0x7A, 0x1E, 0xBF, 0x8F, 0x27, 0x18, 0x6D, 0x15, 0xA9, 0x0A, 0xA0, 0x10, 0x11, 0x02, 0xFD, 0x20, 0x4F, 0xB2, 0x80, 0x42, 0xA1, 0x90, 0xAA, 0x61, 0x19, 0x98, 0xE0, 0xA3, 0x53, 0x53, 0x7C, 0xDD, 0x48, 0x1B, 0x81, 0x00, 0xCF, 0xF3, 0x52, 0x31, 0xAD, 0x4E, 0x58, 0x40, 0xB8, 0x13, 0x16, 0xAF, 0xFB, 0x94, 0xDA, 0x11, 0x48, 0xD5, 0x85, 0xBE, 0x55, 0xAB, 0x5D, 0xD1, 0x06, 0xA1, 0x52, 0x9E, 0x13, 0x69, 0x8B, 0xB0, 0xFC, 0xE3, 0x3E, 0x7E, 0xE0, 0x94, 0x04, 0xAD, 0x4A, 0x85, 0x6E, 0xD6, 0xD7, 0xBB, 0x26, 0x2C, 0xE2, 0xBC, 0x3A, 0xB1, 0x93, 0x8A, 0x90, 0xB8, 0x36, 0x2D, 0xFF, 0xAC, 0x32, 0x91, 0x00, 0x90, 0xFF, 0xB2, 0xBD, 0xCD, 0xAF, 0xE1, 0xEF, 0x56, 0x3E, 0xDF, 0x31, 0x61, 0xF1, 0x69, 0x1F, 0x1F, 0xF3, 0xEB, 0x34, 0x44, 0x48, 0x5C, 0x39, 0xF7, 0x44, 0xA9, 0x04, 0x52, 0x01, 0x39, 0xAF, 0x41, 0x9E, 0x13, 0x15, 0xE7, 0xF1, 0xAC, 0x58, 0x0F, 0x2E, 0x46, 0x46, 0xD8, 0xC7, 0xD9, 0x59, 0x9E, 0x8A, 0xC4, 0x85, 0x9C, 0x4A, 0x50, 0x92, 0x64, 0x4E, 0x25, 0x8F, 0x85, 0xAB, 0x17, 0x21, 0xB9, 0x0E, 0x16, 0x35, 0x6C, 0x8A, 0xE2, 0xA0, 0x2B, 0x99, 0xF3, 0xF7, 0x03, 0x7C, 0x23, 0x1F, 0xE7, 0xD4, 0xCD, 0x84, 0x7C, 0x94, 0x88, 0x9B, 0x8D, 0x0D, 0xED, 0x76, 0xA5, 0xAD, 0xA5, 0x67, 0xBC, 0xA1, 0x01, 0x3E, 0xCD, 0xCD, 0xF1, 0xC6, 0xE3, 0x92, 0x4F, 0x2A, 0x42, 0xDD, 0xD0, 0x18, 0x6D, 0x29, 0x99, 0x94, 0x46, 0x9B, 0x90, 0x57, 0x45, 0x5C, 0x8C, 0x8D, 0x69, 0xD9, 0x89, 0xDC, 0x52, 0x9A, 0x6C, 0xEA, 0x85, 0x08, 0x53, 0xF2, 0xB2, 0x08, 0xDD, 0xC9, 0x1C, 0xB9, 0xA9, 0x57, 0x47, 0xA1, 0x9F, 0x27, 0xD0, 0xA6, 0xE8, 0x79, 0xAC, 0x32, 0xF0, 0x07, 0x5B, 0x43, 0x71, 0xB4, 0x38, 0xF0, 0x87, 0xBB, 0x43, 0x71, 0xBC, 0x3E, 0x14, 0x2F, 0x38, 0x86, 0xE2, 0x15, 0x53, 0x98, 0x3B, 0x0D, 0xDC, 0x4B, 0x3E, 0x65, 0x62, 0x0F, 0xE6, 0x6B, 0x56, 0x25, 0xC4, 0x3E, 0xBB, 0x17, 0xDD, 0xFF, 0xCF, 0x5F, 0x0D, 0x42, 0x46, 0x64, 0x30, 0xFF, 0xEC, 0x11, 0x86, 0x27, 0xFB, 0xBB, 0x0D, 0x11, 0xFD, 0x01, 0x24, 0x68, 0x1C, 0x85, 0xF1, 0x15, 0x3D, 0xA6, 0x00, 0x00, 0x00, 0x00, 0x49, 0x45, 0x4E, 0x44, 0xAE, 0x42, 0x60, 0x82" },
    { "button_switcher_off": "0x89, 0x50, 0x4E, 0x47, 0x0D, 0x0A, 0x1A, 0x0A, 0x00, 0x00, 0x00, 0x0D, 0x49, 0x48, 0x44, 0x52, 0x00, 0x00, 0x00, 0x26, 0x00, 0x00, 0x00, 0x18, 0x08, 0x06, 0x00, 0x00, 0x00, 0x96, 0x4D, 0x8F, 0x73, 0x00, 0x00, 0x00, 0x19, 0x74, 0x45, 0x58, 0x74, 0x53, 0x6F, 0x66, 0x74, 0x77, 0x61, 0x72, 0x65, 0x00, 0x41, 0x64, 0x6F, 0x62, 0x65, 0x20, 0x49, 0x6D, 0x61, 0x67, 0x65, 0x52, 0x65, 0x61, 0x64, 0x79, 0x71, 0xC9, 0x65, 0x3C, 0x00, 0x00, 0x01, 0x49, 0x49, 0x44, 0x41, 0x54, 0x78, 0xDA, 0xEC, 0x96, 0xD1, 0x0D, 0x82, 0x40, 0x0C, 0x86, 0xD5, 0x09, 0x18, 0x01, 0x37, 0x50, 0xE3, 0xBB, 0x3A, 0x81, 0x32, 0x81, 0xB2, 0x81, 0x4E, 0xE0, 0x08, 0xEA, 0x04, 0xB2, 0x81, 0x38, 0x81, 0xFA, 0x6E, 0xD4, 0x11, 0x18, 0xE1, 0x46, 0xB0, 0x7F, 0xF2, 0x37, 0x39, 0x11, 0xE2, 0x53, 0x2F, 0x3E, 0xDC, 0x9F, 0x34, 0x84, 0x02, 0xE9, 0x77, 0xED, 0xB5, 0x47, 0xA7, 0x13, 0x15, 0x65, 0xAB, 0x6E, 0x93, 0x73, 0x34, 0x1E, 0xAE, 0xE5, 0xB2, 0x14, 0x1B, 0x04, 0x60, 0x78, 0x89, 0x9D, 0xC5, 0xF6, 0x8F, 0xFB, 0xD3, 0x35, 0x82, 0x09, 0x10, 0x40, 0x4E, 0x62, 0xA9, 0x58, 0xC1, 0x0F, 0x9C, 0x21, 0x54, 0x22, 0x36, 0x11, 0x5B, 0x31, 0x4E, 0x26, 0x70, 0xAF, 0x0F, 0x30, 0x81, 0x02, 0xCC, 0x53, 0xAC, 0xE2, 0x0B, 0x55, 0xA8, 0xB2, 0x31, 0xB6, 0x26, 0x64, 0x06, 0x38, 0x1F, 0xEC, 0xC2, 0x07, 0x43, 0xA4, 0x54, 0xEE, 0xB1, 0x9A, 0x05, 0x7D, 0x58, 0x4D, 0xE1, 0xA7, 0xDA, 0x00, 0x0E, 0xF1, 0xC0, 0x90, 0x48, 0x9C, 0x7E, 0x97, 0xCE, 0x29, 0x9D, 0xC8, 0x54, 0xC9, 0x92, 0x5E, 0x98, 0x6A, 0x95, 0xD3, 0xD5, 0x18, 0xC2, 0x29, 0x47, 0xDE, 0xA3, 0x6F, 0x8E, 0x12, 0x02, 0x8A, 0xF7, 0xC7, 0x1A, 0x94, 0xEE, 0x87, 0x93, 0x65, 0x49, 0x25, 0xFE, 0x95, 0xCD, 0x30, 0x51, 0xB0, 0x01, 0xF7, 0x96, 0xD6, 0xBB, 0xAD, 0x1B, 0x53, 0xAE, 0xCA, 0x52, 0x80, 0x4B, 0x7B, 0x4D, 0xC1, 0xFF, 0x61, 0x8E, 0x29, 0x58, 0xA5, 0x40, 0x4C, 0xA7, 0xFB, 0x31, 0x77, 0x2C, 0x35, 0xF5, 0xC1, 0x6E, 0xB5, 0x32, 0x6D, 0x5A, 0x3E, 0xDA, 0x1B, 0x77, 0xA6, 0x6E, 0xA3, 0xB3, 0x82, 0x95, 0xCC, 0xDA, 0x8E, 0x59, 0xC3, 0x70, 0xCD, 0xBC, 0xEC, 0xE0, 0x9A, 0x8B, 0x7F, 0x63, 0x9C, 0xAD, 0xA3, 0x8E, 0x26, 0x7F, 0x8E, 0x2D, 0xD8, 0x75, 0x25, 0x21, 0x5C, 0xA8, 0xFD, 0xC4, 0x19, 0xB6, 0xE3, 0x09, 0x80, 0xD8, 0x45, 0xFD, 0x48, 0x5A, 0x91, 0x1A, 0xD9, 0x3B, 0xA0, 0x43, 0x8C, 0xE7, 0x56, 0xCA, 0x3D, 0xB5, 0xE5, 0x1E, 0xCF, 0x59, 0xAD, 0xEF, 0x43, 0x9C, 0x2F, 0x6F, 0x49, 0x1F, 0x4A, 0xA8, 0xD2, 0x81, 0x8D, 0xD7, 0xFE, 0x77, 0x51, 0x3B, 0xD4, 0x93, 0x00, 0x43, 0x35, 0x2A, 0x2A, 0x4A, 0xF5, 0x16, 0x60, 0x00, 0x07, 0xD8, 0x80, 0x3F, 0xEC, 0x91, 0xB5, 0xF5, 0x00, 0x00, 0x00, 0x00, 0x49, 0x45, 0x4E, 0x44, 0xAE, 0x42, 0x60, 0x82" },
    { "button_switcher_on": "0x89, 0x50, 0x4E, 0x47, 0x0D, 0x0A, 0x1A, 0x0A, 0x00, 0x00, 0x00, 0x0D, 0x49, 0x48, 0x44, 0x52, 0x00, 0x00, 0x00, 0x26, 0x00, 0x00, 0x00, 0x18, 0x08, 0x06, 0x00, 0x00, 0x00, 0x96, 0x4D, 0x8F, 0x73, 0x00, 0x00, 0x00, 0x19, 0x74, 0x45, 0x58, 0x74, 0x53, 0x6F, 0x66, 0x74, 0x77, 0x61, 0x72, 0x65, 0x00, 0x41, 0x64, 0x6F, 0x62, 0x65, 0x20, 0x49, 0x6D, 0x61, 0x67, 0x65, 0x52, 0x65, 0x61, 0x64, 0x79, 0x71, 0xC9, 0x65, 0x3C, 0x00, 0x00, 0x01, 0x4C, 0x49, 0x44, 0x41, 0x54, 0x78, 0xDA, 0x62, 0x60, 0x18, 0x05, 0xA3, 0x80, 0xB6, 0x80, 0x11, 0x5D, 0x80, 0x6D, 0xE9, 0x7D, 0x07, 0x20, 0x15, 0x0F, 0xC4, 0x01, 0x40, 0x2C, 0x40, 0x63, 0xFB, 0x1F, 0x00, 0xF1, 0x06, 0x20, 0x9E, 0xF8, 0x2B, 0x5A, 0xF1, 0x01, 0x4E, 0x87, 0x01, 0x1D, 0xD5, 0x0F, 0xA4, 0x0A, 0x06, 0x28, 0x90, 0x0A, 0x81, 0x8E, 0x9B, 0x80, 0xE1, 0x30, 0xA0, 0xA3, 0xE6, 0x03, 0xA9, 0x84, 0x01, 0x8E, 0xC1, 0x46, 0xA0, 0xE3, 0x1A, 0xE0, 0x0E, 0x03, 0x3A, 0x0A, 0xE4, 0xA0, 0xF9, 0xF4, 0xB0, 0x39, 0x56, 0x89, 0x87, 0x41, 0x81, 0x9B, 0x05, 0xCC, 0x3E, 0xF8, 0xEA, 0x07, 0xC3, 0xA1, 0x97, 0x3F, 0xD0, 0x95, 0x38, 0x02, 0x1D, 0x77, 0x80, 0x05, 0xCA, 0xA9, 0xA7, 0x87, 0xA3, 0x76, 0xBB, 0x48, 0x30, 0xD8, 0x89, 0x71, 0xC0, 0xF9, 0x35, 0x40, 0xBC, 0xF8, 0xDE, 0x17, 0x86, 0x94, 0x13, 0x6F, 0x90, 0x95, 0xE5, 0x03, 0xF1, 0x01, 0x26, 0x60, 0x68, 0x19, 0x00, 0x19, 0x0A, 0xB4, 0x76, 0x54, 0xAE, 0x3A, 0x1F, 0x8A, 0xA3, 0x90, 0x43, 0xD0, 0x4E, 0x1C, 0x45, 0x1C, 0x94, 0xE9, 0x18, 0x98, 0xE8, 0x90, 0xF3, 0xC0, 0xC0, 0x4F, 0x96, 0x0B, 0xB7, 0x9C, 0x0C, 0x17, 0x7A, 0xC9, 0x60, 0xC0, 0x34, 0x18, 0xCA, 0x2C, 0x01, 0x56, 0x0C, 0x67, 0x08, 0xD0, 0xCD, 0x61, 0x17, 0xDF, 0xFF, 0x22, 0x45, 0xEE, 0x01, 0xC8, 0x61, 0x17, 0xE8, 0xE1, 0xB0, 0x96, 0xCB, 0x1F, 0x18, 0x3E, 0xFC, 0xFA, 0x87, 0xD5, 0x51, 0x93, 0x6F, 0x7E, 0x42, 0x16, 0xFA, 0x00, 0x2A, 0x6C, 0x99, 0x80, 0xC4, 0x07, 0x68, 0xE9, 0x4B, 0x53, 0x00, 0x72, 0x94, 0xD9, 0xF6, 0x67, 0xE0, 0x5C, 0x78, 0x08, 0x54, 0x4C, 0x00, 0x31, 0xC8, 0xB1, 0x6E, 0x7B, 0x5F, 0xA0, 0x2B, 0x5D, 0x80, 0x5C, 0x8E, 0x81, 0x72, 0xE6, 0xF9, 0x41, 0x90, 0xDC, 0x40, 0x81, 0xA4, 0x08, 0x0A, 0x2C, 0x70, 0x1A, 0x03, 0x32, 0x40, 0xD1, 0x99, 0x38, 0x08, 0x1C, 0x96, 0x08, 0x8D, 0x41, 0x8C, 0xBA, 0x12, 0x54, 0x03, 0xF4, 0xD3, 0xAB, 0x08, 0x41, 0x0B, 0x29, 0x47, 0x68, 0x00, 0x31, 0xC0, 0xCA, 0x31, 0x38, 0x00, 0x4A, 0x80, 0xE2, 0xD7, 0x10, 0x1A, 0xCF, 0x1F, 0xE8, 0xE4, 0xA0, 0x46, 0x68, 0xF4, 0x5D, 0x60, 0x18, 0x05, 0xA3, 0x60, 0x14, 0x30, 0x30, 0x00, 0x04, 0x18, 0x00, 0x19, 0x0E, 0x6D, 0x5D, 0x14, 0x5A, 0x8B, 0x39, 0x00, 0x00, 0x00, 0x00, 0x49, 0x45, 0x4E, 0x44, 0xAE, 0x42, 0x60, 0x82" },
    { "button_radio_off": "0x89, 0x50, 0x4E, 0x47, 0x0D, 0x0A, 0x1A, 0x0A, 0x00, 0x00, 0x00, 0x0D, 0x49, 0x48, 0x44, 0x52, 0x00, 0x00, 0x00, 0x18, 0x00, 0x00, 0x00, 0x18, 0x08, 0x06, 0x00, 0x00, 0x00, 0xE0, 0x77, 0x3D, 0xF8, 0x00, 0x00, 0x00, 0x19, 0x74, 0x45, 0x58, 0x74, 0x53, 0x6F, 0x66, 0x74, 0x77, 0x61, 0x72, 0x65, 0x00, 0x41, 0x64, 0x6F, 0x62, 0x65, 0x20, 0x49, 0x6D, 0x61, 0x67, 0x65, 0x52, 0x65, 0x61, 0x64, 0x79, 0x71, 0xC9, 0x65, 0x3C, 0x00, 0x00, 0x01, 0x5C, 0x49, 0x44, 0x41, 0x54, 0x78, 0xDA, 0xC4, 0x55, 0xED, 0x6D, 0xC2, 0x30, 0x10, 0x4D, 0xA2, 0x0E, 0x10, 0x36, 0x60, 0x83, 0x02, 0xE2, 0x3F, 0xD9, 0xA0, 0x61, 0x82, 0x96, 0x09, 0x68, 0x26, 0x68, 0x99, 0x20, 0x30, 0x41, 0xB3, 0x01, 0x61, 0x02, 0xE0, 0x7F, 0x45, 0xE8, 0x04, 0xED, 0x08, 0x19, 0xA1, 0xEF, 0xA4, 0x67, 0xC9, 0x44, 0x36, 0x31, 0x8E, 0x02, 0x27, 0x9D, 0x4E, 0x8E, 0xEE, 0xE3, 0xDD, 0x9D, 0xFD, 0x12, 0x05, 0x3D, 0x4B, 0xD4, 0x77, 0x81, 0x27, 0x17, 0xA7, 0xC9, 0x74, 0x32, 0x82, 0x49, 0xA1, 0x33, 0xED, 0x73, 0x0D, 0x3D, 0x42, 0xCB, 0xD3, 0xF7, 0xE9, 0xCF, 0x16, 0x1B, 0xB6, 0x24, 0x4E, 0x60, 0xBE, 0xA0, 0xC3, 0x16, 0x0C, 0x07, 0xE8, 0xC2, 0x54, 0x28, 0xBA, 0x92, 0xFC, 0x13, 0x66, 0xCF, 0xE4, 0x05, 0x74, 0x8E, 0x04, 0xA1, 0x52, 0x9C, 0x07, 0x92, 0x94, 0xC9, 0x05, 0x48, 0x85, 0x98, 0xD4, 0xA9, 0x03, 0x38, 0xE6, 0x30, 0xEF, 0x1C, 0x83, 0x24, 0x3E, 0xB4, 0x74, 0x2A, 0xBE, 0x39, 0x8F, 0xE2, 0x5F, 0x5A, 0x0B, 0x10, 0xC5, 0x16, 0x2A, 0xED, 0x8E, 0xE1, 0x5C, 0xDF, 0xB0, 0xA7, 0x8A, 0xA0, 0xC6, 0x6A, 0x5C, 0xA6, 0x11, 0xE9, 0x48, 0x6A, 0xD7, 0xDB, 0x02, 0xDF, 0x33, 0x4C, 0x06, 0x8D, 0xA1, 0x1F, 0xC6, 0x0E, 0x34, 0xF4, 0x05, 0x02, 0x16, 0x3E, 0xD7, 0x12, 0x39, 0x7E, 0xB9, 0xB7, 0x81, 0x00, 0x6C, 0x76, 0xF0, 0x42, 0xBB, 0xE9, 0x70, 0xF5, 0x55, 0x6C, 0x6A, 0x1A, 0x91, 0xCC, 0xB1, 0x66, 0xBB, 0xBE, 0xA2, 0x2E, 0xC4, 0xB3, 0xAD, 0x40, 0x97, 0xE4, 0x81, 0x06, 0x6E, 0x74, 0x17, 0xAA, 0x68, 0x16, 0x38, 0xAB, 0xCA, 0xBE, 0xC2, 0xEB, 0xAA, 0x72, 0x19, 0x0B, 0xC4, 0x9A, 0x93, 0x8F, 0x24, 0xB4, 0x3F, 0xA6, 0x02, 0x3B, 0xDA, 0x65, 0x87, 0x02, 0x4B, 0x7D, 0xD9, 0x51, 0x63, 0x41, 0x25, 0x5F, 0xF0, 0x9B, 0x4F, 0x17, 0xA4, 0x8C, 0x21, 0xDF, 0x91, 0xF5, 0x25, 0x67, 0xB4, 0x5B, 0x04, 0xC4, 0x37, 0xCE, 0x3E, 0x27, 0x55, 0xAC, 0xAC, 0x6C, 0xCA, 0x2E, 0xD6, 0x44, 0x52, 0x91, 0xB2, 0x5D, 0x90, 0xEF, 0x79, 0xBC, 0xA0, 0xED, 0xF0, 0x4A, 0x90, 0x62, 0xD4, 0x80, 0x74, 0xBD, 0xD3, 0x59, 0x92, 0xDD, 0xC9, 0x6B, 0x7D, 0xE5, 0x62, 0x05, 0x79, 0x06, 0x9F, 0xE2, 0xAE, 0x3F, 0x9C, 0xD0, 0x71, 0xBE, 0x09, 0x79, 0xAA, 0xB9, 0xF8, 0xA3, 0xBE, 0xD0, 0x87, 0x48, 0xEF, 0x54, 0xF1, 0x2F, 0xC0, 0x00, 0xE0, 0xB2, 0x88, 0x95, 0x4B, 0x6E, 0x88, 0x14, 0x00, 0x00, 0x00, 0x00, 0x49, 0x45, 0x4E, 0x44, 0xAE, 0x42, 0x60, 0x82" },
    { "button_radio_on": "0x89, 0x50, 0x4E, 0x47, 0x0D, 0x0A, 0x1A, 0x0A, 0x00, 0x00, 0x00, 0x0D, 0x49, 0x48, 0x44, 0x52, 0x00, 0x00, 0x00, 0x18, 0x00, 0x00, 0x00, 0x18, 0x08, 0x06, 0x00, 0x00, 0x00, 0xE0, 0x77, 0x3D, 0xF8, 0x00, 0x00, 0x00, 0x19, 0x74, 0x45, 0x58, 0x74, 0x53, 0x6F, 0x66, 0x74, 0x77, 0x61, 0x72, 0x65, 0x00, 0x41, 0x64, 0x6F, 0x62, 0x65, 0x20, 0x49, 0x6D, 0x61, 0x67, 0x65, 0x52, 0x65, 0x61, 0x64, 0x79, 0x71, 0xC9, 0x65, 0x3C, 0x00, 0x00, 0x01, 0x93, 0x49, 0x44, 0x41, 0x54, 0x78, 0xDA, 0xD4, 0x55, 0x4B, 0x52, 0xC2, 0x40, 0x10, 0x0D, 0x39, 0x01, 0x4B, 0x97, 0x78, 0x02, 0x3E, 0xE5, 0x1E, 0x3C, 0x81, 0xBA, 0x76, 0x13, 0x4E, 0x00, 0x9E, 0x00, 0x38, 0x01, 0x7A, 0x02, 0x60, 0xE1, 0x3A, 0x70, 0x02, 0xC3, 0xDE, 0x82, 0x78, 0x02, 0xB2, 0x74, 0x99, 0x1B, 0x68, 0xBF, 0xD4, 0x1B, 0x6D, 0xE2, 0x4C, 0x26, 0x5A, 0x45, 0x59, 0x74, 0x55, 0xD7, 0xA4, 0xE6, 0xD3, 0xAF, 0xFB, 0xF5, 0x27, 0x41, 0x70, 0xEE, 0xD2, 0xA8, 0x73, 0xA9, 0x77, 0xD5, 0xBB, 0x95, 0xA5, 0x2F, 0xDA, 0x51, 0xDB, 0x99, 0xE8, 0x56, 0x74, 0xBD, 0x7B, 0xDD, 0xE5, 0x7F, 0x02, 0x10, 0xC3, 0x63, 0x59, 0x26, 0xA2, 0x4D, 0x8F, 0x0F, 0x8F, 0xA2, 0x33, 0x1B, 0x50, 0xC3, 0x61, 0x18, 0x06, 0x17, 0xA2, 0xF0, 0x1C, 0x8F, 0x96, 0xA2, 0x2B, 0x31, 0x90, 0xAA, 0x3B, 0x2D, 0x9E, 0x8F, 0x44, 0xF1, 0x8D, 0xB3, 0xA1, 0xBE, 0x53, 0x05, 0xB0, 0x27, 0x1D, 0xB8, 0x7C, 0x27, 0x8F, 0xB2, 0x8A, 0x28, 0xE1, 0xCC, 0x5C, 0x34, 0xA2, 0x33, 0xDD, 0xAA, 0xFB, 0x78, 0x30, 0x17, 0xFD, 0x10, 0x8D, 0x7F, 0x93, 0x4C, 0xD0, 0xC9, 0x77, 0x7B, 0x67, 0x04, 0x0C, 0xFB, 0xC0, 0x04, 0x76, 0x35, 0xA7, 0x17, 0xCF, 0x07, 0x78, 0x78, 0xA3, 0xF2, 0xB1, 0x01, 0x75, 0xEF, 0xF7, 0x97, 0xB9, 0x7A, 0x1F, 0x93, 0x36, 0x50, 0x05, 0x5A, 0x83, 0xB0, 0xE4, 0xC8, 0x88, 0xEB, 0xAC, 0x64, 0x7C, 0xA1, 0x72, 0x32, 0xA0, 0x82, 0x96, 0x17, 0x39, 0xD3, 0x05, 0xF0, 0x50, 0xB2, 0xF3, 0x03, 0xA0, 0x48, 0xAA, 0x41, 0xA7, 0xF1, 0x29, 0xF9, 0xB5, 0x09, 0xF2, 0xF4, 0x45, 0x25, 0xB9, 0x5F, 0x63, 0x9F, 0x6C, 0x7C, 0x03, 0x30, 0x59, 0xD8, 0x4C, 0x1C, 0x51, 0xB9, 0x64, 0x20, 0x4E, 0xE8, 0xFE, 0xD8, 0x2A, 0xF0, 0xA3, 0x08, 0xCC, 0xA5, 0x37, 0xE5, 0x7D, 0xA7, 0x46, 0x0F, 0x04, 0xA4, 0xCC, 0x48, 0xEA, 0x02, 0x38, 0x89, 0x84, 0x16, 0xE4, 0xB6, 0xD9, 0x90, 0x0A, 0x49, 0x59, 0xDB, 0x3E, 0x49, 0x2C, 0x4C, 0xA4, 0x47, 0x00, 0xAC, 0x9A, 0xAC, 0x14, 0x2E, 0xE4, 0xC9, 0x67, 0x9C, 0x8E, 0x18, 0xE9, 0x5B, 0x01, 0x28, 0xA8, 0x80, 0xA6, 0x24, 0x3C, 0x52, 0x51, 0x4C, 0x39, 0x2A, 0x6C, 0x52, 0x74, 0xBA, 0x65, 0x7C, 0x64, 0xA6, 0x9B, 0x43, 0x87, 0xB7, 0x13, 0x56, 0x95, 0x01, 0x19, 0xA2, 0x79, 0xE8, 0x40, 0x42, 0x45, 0xCD, 0x5F, 0xEB, 0x46, 0x63, 0x6F, 0x14, 0x7D, 0xF4, 0x3F, 0xA3, 0xC2, 0x32, 0xEC, 0x12, 0xB6, 0xBD, 0x6F, 0xD8, 0x61, 0xA4, 0x8F, 0x6D, 0xC3, 0xAE, 0x6A, 0x5C, 0xC7, 0x4C, 0x78, 0xDD, 0x71, 0x9D, 0x71, 0xF2, 0xFA, 0xC7, 0xF5, 0xC9, 0x7F, 0x38, 0x16, 0xA0, 0x88, 0xE5, 0xD7, 0x52, 0xDB, 0x39, 0xC7, 0xC2, 0xB2, 0xEA, 0x97, 0x79, 0xFE, 0xF2, 0x29, 0xC0, 0x00, 0x38, 0x99, 0xB2, 0x32, 0x17, 0xEF, 0x2B, 0x80, 0x00, 0x00, 0x00, 0x00, 0x49, 0x45, 0x4E, 0x44, 0xAE, 0x42, 0x60, 0x82" }
  ]
}
